,name,gender,race,born_locate,born_year,education,working_year,if_ccp,join_year,current_post,next_post,current_post_year,next_post_year
1,陈雍,1,满族,辽宁,1966,2,1991,1,1988,11,12,1996,2011
2,王宁,1,汉族,山西,1960,2,1983,1,1987,11,12,1989,1994
3,崔述强,1,汉族,北京,1963,3,1985,1,1988,5,9,1987,1989
4,崔述强,1,汉族,北京,1963,3,1985,1,1988,9,10,1989,2009
5,崔述强,1,汉族,北京,1963,3,1985,1,1988,10,11,2009,2017
6,隋振江,1,汉族,辽宁,1963,2,1985,1,1984,9,11,1987,2003
7,崔述强,1,汉族,北京,1963,3,1985,1,1988,5,9,1987,1989
8,崔述强,1,汉族,北京,1963,3,1985,1,1988,9,10,1989,2009
9,崔述强,1,汉族,北京,1963,3,1985,1,1988,10,11,2009,2017
10,孙军民,0,汉族,,1970,2,,0,,5,6,1994,1997
11,孙军民,0,汉族,,1970,2,,0,,6,10,1997,2002
12,孙军民,0,汉族,,1970,2,,0,,10,11,2002,2015
13,赵磊,1,汉族,,1972,3,1995,1,1994,9,11,2000,2010
14,魏小东,1,汉族,福建,1961,0,,0,,7,9,1990,2004
15,魏小东,1,汉族,福建,1961,0,,0,,9,11,2004,2017
16,潘临珠,1,汉族,山西,1962,3,1983,1,1983,9,10,1995,1999
17,陈吉宁,1,汉族,吉林,1964,3,,1,1984,10,11,2015,2017
18,武玉嶂,1,汉族,山东,1963,1,1982,1,1985,7,9,1993,2001
19,武玉嶂,1,汉族,山东,1963,1,1982,1,1985,9,10,2001,2002
20,武玉嶂,1,汉族,山东,1963,1,1982,1,1985,10,11,2002,2008
21,王正升,1,汉族,宁夏,1960,0,1981,1,1984,6,7,1986,1987
22,王正升,1,汉族,宁夏,1960,0,1981,1,1984,7,9,1987,2003
23,王正升,1,汉族,宁夏,1960,0,1981,1,1984,9,11,2003,2016
24,王振昌,1,汉族,青海,1964,2,1984,1,1986,7,9,1990,2006
25,鸟成云,1,回族,青海,1963,3,1985,1,1985,7,9,1997,2002
26,鸟成云,1,回族,青海,1963,3,1985,1,1985,9,11,2002,2003
27,鸟成云,1,回族,青海,1963,3,1985,1,1985,11,12,2003,2018
28,李杰翔,1,汉族,内蒙古,1964,2,1985,1,1985,8,9,1986,1994
29,李杰翔,1,汉族,内蒙古,1964,2,1985,1,1985,9,11,1994,2019
30,尼玛卓玛,0,藏族,青海,1962,1,1981,1,1985,8,9,1984,1985
31,尼玛卓玛,0,藏族,青海,1962,1,1981,1,1985,9,11,1985,1993
32,尼玛卓玛,0,藏族,青海,1962,1,1981,1,1985,11,12,1993,2018
33,公保扎西,1,藏族,青海,1962,2,1978,1,1983,6,8,2000,2003
34,公保扎西,1,藏族,青海,1962,2,1978,1,1983,8,10,2003,2006
35,公保扎西,1,藏族,青海,1962,2,1978,1,1983,10,11,2006,2016
36,李杰翔,1,汉族,内蒙古,1964,2,1985,1,1985,8,9,1986,1994
37,李杰翔,1,汉族,内蒙古,1964,2,1985,1,1985,9,11,1994,2019
38,马吉孝,1,回族,青海,1961,1,1979,1,1983,6,11,2005,2010
39,王林虎,1,汉族,山西,1969,2,1990,1,1992,6,8,1992,2001
40,王林虎,1,汉族,山西,1969,2,1990,1,1992,8,9,2001,2010
41,白加扎西,1,藏族,青海,1964,2,1981,1,1985,7,9,1990,2006
42,严金海,1,藏族,青海,1962,1,1982,1,1983,8,9,1993,1996
43,严金海,1,藏族,青海,1962,1,1982,1,1983,9,11,1996,2013
44,王晓,1,汉族,山东,1968,3,1991,1,1987,9,11,1995,1997
45,文国栋,1,汉族,青海,1969,2,1987,1,1995,6,8,1991,1996
46,文国栋,1,汉族,青海,1969,2,1987,1,1995,8,9,1996,1996
47,才让太,1,藏族,青海,1969,1,,0,,7,10,1991,1993
48,吴德军,1,汉族,青海,1965,1,1983,1,1988,5,11,1990,1993
49,王宇燕,0,汉族,河南,1966,3,1986,1,1986,7,9,2002,2006
50,王宇燕,0,汉族,河南,1966,3,1986,1,1986,9,11,2006,2017
51,严金海,1,藏族,青海,1962,1,1982,1,1983,8,9,1993,1996
52,严金海,1,藏族,青海,1962,1,1982,1,1983,9,11,1996,2013
53,阿更登,1,藏族,青海,1967,1,1990,1,1994,7,9,1993,1996
54,张晓容,1,汉族,青海,1963,3,1978,1,1983,7,9,1985,1989
55,匡湧,1,汉族,江苏,1963,1,1984,1,,10,11,1993,2014
56,张文魁,1,藏族,青海,1961,1,1979,1,1985,7,9,1990,2001
57,张文魁,1,藏族,青海,1961,1,1979,1,1985,9,11,2001,2018
58,杨逢春,1,汉族,江西,1963,3,1984,1,1984,10,11,1996,2016
59,王晓,1,汉族,山东,1968,3,1991,1,1987,9,11,1995,1997
60,翁祖亮,1,汉族,福建,1963,2,1983,1,,9,11,2003,2016
61,翁祖亮,1,汉族,福建,1963,2,1983,1,,9,11,2003,2016
62,陈寅,1,汉族,江苏,1962,2,1984,1,,5,9,1989,1998
63,陈寅,1,汉族,江苏,1962,2,1984,1,,9,11,1998,2003
64,廖国勋,1,土家族,四川,1963,2,1983,1,,8,9,1986,1988
65,廖国勋,1,土家族,四川,1963,2,1983,1,,9,10,1988,2001
66,廖国勋,1,土家族,四川,1963,2,1983,1,,10,11,2001,2012
67,龚正,1,汉族,江苏,1960,3,,0,,7,11,1986,2008
68,龚正,1,汉族,江苏,1960,3,,0,,11,12,2008,2012
69,刘学新,1,汉族,山东,1963,2,1989,1,1985,10,11,2008,2009
70,刘学新,1,汉族,山东,1963,2,1989,1,1985,11,12,2009,2015
71,陈寅,1,汉族,江苏,1962,2,1984,1,,5,9,1989,1998
72,陈寅,1,汉族,江苏,1962,2,1984,1,,9,11,1998,2003
73,张江汀,1,汉族,山东,1961,3,,0,,9,11,1995,2015
74,崔洪刚,1,汉族,山东,1961,2,1978,1,1982,8,9,1982,1984
75,崔洪刚,1,汉族,山东,1961,2,1978,1,1982,9,10,1984,1986
76,王书坚,1,汉族,山东,1962,0,,0,,9,11,1988,2019
77,范华平,1,汉族,云南,1962,1,1982,1,1984,7,8,1987,1993
78,范华平,1,汉族,云南,1962,1,1982,1,1984,8,9,1993,2002
79,范华平,1,汉族,云南,1962,1,1982,1,1984,9,11,2002,2017
80,李峰,1,汉族,山东,1961,2,1977,1,1985,6,8,1985,1995
81,李峰,1,汉族,山东,1961,2,1977,1,1985,8,9,1995,2004
82,李长萍,0,汉族,山东,1975,1,1997,1,1995,4,9,1998,2006
83,王书坚,1,汉族,山东,1962,0,,0,,9,11,1988,2019
84,王安德,1,汉族,山东,1963,1,1987,1,1987,8,10,1996,2000
85,傅明先,1,汉族,山东,1964,0,,0,,1,5,1989,1994
86,傅明先,1,汉族,山东,1964,0,,0,,5,9,1994,2002
87,陈平,1,汉族,山东,1967,0,,0,,6,7,1990,1995
88,陈平,1,汉族,山东,1967,0,,0,,7,10,1995,2001
89,闫剑波,1,汉族,山东,1971,2,1994,1,1992,8,9,1995,2001
90,惠新安,1,汉族,,1963,2,,1,,8,9,1985,1998
91,惠新安,1,汉族,,1963,2,,1,,9,11,1998,2016
92,赵志远,1,汉族,山东,1968,3,1990,1,1992,2,7,1990,1999
93,赵志远,1,汉族,山东,1968,3,1990,1,1992,7,9,1999,2002
94,赵志远,1,汉族,山东,1968,3,1990,1,1992,9,11,2002,2013
95,孙爱军,1,汉族,山东,1972,0,,0,,7,11,2001,2002
96,李猛,1,汉族,安徽,1967,2,1987,1,1994,3,11,1995,1998
97,李干杰,1,汉族,湖南,1964,2,1989,1,1984,7,11,1994,2008
98,张术平,1,汉族,山东,1964,2,1984,1,1985,6,7,1985,1990
99,张术平,1,汉族,山东,1964,2,1984,1,1985,7,9,1990,1993
100,王可,1,汉族,湖南,1962,2,1982,1,1987,7,11,1995,1997
101,李宽端,1,汉族,,1963,2,1985,1,1985,2,5,1985,1990
102,李宽端,1,汉族,,1963,2,1985,1,1985,5,6,1990,1994
103,李宽端,1,汉族,,1963,2,1985,1,1985,6,9,1994,2000
104,孟庆斌,1,汉族,山东,1968,3,1989,1,1986,9,10,1991,2017
105,于海田,1,汉族,,1969,3,1994,1,1993,7,11,1996,1996
106,乔新江,1,汉族,河南,1961,2,1984,1,1990,2,3,1984,1989
107,乔新江,1,汉族,河南,1961,2,1984,1,1990,3,9,1989,1993
108,乔新江,1,汉族,河南,1961,2,1984,1,1990,9,12,1993,2018
109,李亚,1,汉族,河南,1963,3,1981,1,1983,10,11,1985,1991
110,穆为民,1,汉族,河南,1961,2,1983,1,1985,9,11,1992,2016
111,史根治,1,汉族,河南,1965,2,1981,1,1983,6,10,1985,1989
112,何金平,1,白族,云南,1963,2,1984,1,1988,6,7,1993,1994
113,何金平,1,白族,云南,1963,2,1984,1,1988,7,9,1994,2003
114,何金平,1,白族,云南,1963,2,1984,1,1988,9,11,2003,2012
115,王小平,1,汉族,河北,1962,2,1984,1,1984,7,9,1989,2005
116,王小平,1,汉族,河北,1962,2,1984,1,1984,9,11,2005,2008
117,徐立毅,1,汉族,浙江,1964,0,,0,,8,9,1997,2012
118,徐立毅,1,汉族,浙江,1964,0,,0,,9,11,2012,2019
119,王新伟,1,汉族,河南,1967,2,1991,1,1985,9,11,1994,2020
120,张战伟,1,汉族,河南,1963,2,1985,1,1985,8,9,1992,1997
121,张战伟,1,汉族,河南,1963,2,1985,1,1985,9,10,1997,2001
122,徐立毅,1,汉族,浙江,1964,0,,0,,8,9,1997,2012
123,徐立毅,1,汉族,浙江,1964,0,,0,,9,11,2012,2019
124,侯红,0,汉族,河南,1967,2,,1,1987,10,11,1990,1992
125,高建军,1,汉族,河南,1969,3,,1,1991,8,9,1989,1997
126,徐衣显,1,汉族,河北,1967,3,1990,1,1988,3,4,1991,1994
127,徐衣显,1,汉族,河北,1967,3,1990,1,1988,4,8,1994,2002
128,徐衣显,1,汉族,河北,1967,3,1990,1,1988,8,11,2002,2009
129,杨青玖,1,汉族,河南,1969,3,1990,1,1996,3,9,1997,2007
130,黄强,1,汉族,浙江,1963,3,1983,1,1985,4,11,2006,2014
131,武国定,1,汉族,河南,1963,2,1983,1,1984,6,9,1983,1991
132,武国定,1,汉族,河南,1963,2,1983,1,1984,9,11,1991,2018
133,霍好胜,1,汉族,河南,1963,2,1982,1,1984,5,7,1984,1985
134,霍好胜,1,汉族,河南,1963,2,1982,1,1984,7,8,1985,1988
135,霍好胜,1,汉族,河南,1963,2,1982,1,1984,8,10,1988,1999
136,戴柏华,1,汉族,湖北,1962,3,1983,1,1991,7,10,1994,2007
137,戴柏华,1,汉族,湖北,1962,3,1983,1,1991,10,11,2007,2014
138,王新伟,1,汉族,河南,1967,2,1991,1,1985,9,11,1994,2020
139,张文深,1,汉族,河南,1961,2,1982,1,1984,5,9,1984,1986
140,石迎军,1,汉族,河南,1970,2,1990,1,1993,9,10,2002,2004
141,张国伟,1,汉族,河南,1963,2,1982,1,1984,5,7,1983,1992
142,张国伟,1,汉族,河南,1963,2,1982,1,1984,7,9,1992,2001
143,孙守刚,1,汉族,,1965,2,,1,,9,11,1993,1997
144,李亚,1,汉族,河南,1963,3,1981,1,1983,10,11,1985,1991
145,刘宛康,1,汉族,河南,1962,0,,0,,7,9,1987,2009
146,刘宛康,1,汉族,河南,1962,0,,0,,9,11,2009,2013
147,张建慧,1,汉族。,河南,1964,0,,0,,2,5,1986,1991
148,张建慧,1,汉族。,河南,1964,0,,0,,5,9,1991,1998
149,刘继标,1,汉族,河南,1963,2,1985,1,1984,7,9,1995,2001
150,黄强,1,汉族,浙江,1963,3,1983,1,1985,4,11,2006,2014
151,郭浩,1,汉族,江苏,1974,3,1999,1,1995,9,11,2004,2008
152,尚朝阳,1,汉族,河南,1963,2,1981,1,1983,8,9,1986,1992
153,刘尚进,1,汉族,河南,1970,1,1993,1,1991,2,5,1996,1999
154,刘尚进,1,汉族,河南,1970,1,1993,1,1991,5,9,1999,2006
155,陈星,1,汉族,河南,1965,2,1989,1,,5,7,1990,1998
156,陈星,1,汉族,河南,1965,2,1989,1,,7,10,1998,2000
157,周斌,1,汉族,河南,1962,2,1983,1,1990,9,11,1992,2014
158,蒿慧杰,1,汉族,河南,1968,2,1991,1,1995,9,11,2008,2009
159,任正晓,1,汉族,湖南,1959,3,1981,1,1985,8,11,1989,2016
160,舒庆,1,满族,山东,1964,3,1985,1,1984,2,7,1995,1996
161,舒庆,1,满族,山东,1964,3,1985,1,1984,7,10,1996,2006
162,舒庆,1,满族,山东,1964,3,1985,1,1984,10,11,2006,2016
163,霍金花,0,汉族,河南,1962,2,1981,0,,7,9,1991,1996
164,霍金花,0,汉族,河南,1962,2,1981,0,,9,11,1996,2002
165,李公乐,1,汉族,河南,1962,0,,0,,5,9,1983,1992
166,宋殿宇,1,汉族,河南,1963,2,1984,1,1986,7,9,1996,2004
167,甘荣坤,1,汉族,江西,1962,1,1983,1,1996,3,7,1987,1991
168,甘荣坤,1,汉族,江西,1962,1,1983,1,1996,7,11,1991,2013
169,刘南昌,1,,,,3,,0,,2,7,1993,1994
170,刘南昌,1,,,,3,,0,,7,8,1994,2016
171,王战营,1,汉族,河南,1965,0,1988,1,1984,3,7,1989,1993
172,王战营,1,汉族,河南,1965,0,1988,1,1984,7,9,1993,2001
173,王战营,1,汉族,河南,1965,0,1988,1,1984,9,11,2001,2002
174,袁光平,1,汉族,重庆,1966,3,1990,1,1986,2,5,1990,1991
175,袁光平,1,汉族,重庆,1966,3,1990,1,1986,5,9,1991,1995
176,丁晖,1,汉族,江苏,1971,3,1992,1,1997,6,8,2000,2015
177,丁晖,1,汉族,江苏,1971,3,1992,1,1997,8,9,2015,2018
178,毛超峰,1,汉族,,1965,2,1985,1,1986,7,9,1991,2001
179,毛超峰,1,汉族,,1965,2,1985,1,1986,9,11,2001,2011
180,王路,1,汉族,浙江,1963,3,1983,1,,9,11,1998,2001
181,沈丹阳,1,汉族,福建,1965,3,1985,1,1985,6,7,1985,1996
182,沈丹阳,1,汉族,福建,1965,3,1985,1,1985,7,9,1996,2000
183,沈丹阳,1,汉族,福建,1965,3,1985,1,1985,9,10,2000,2014
184,沈丹阳,1,汉族,福建,1965,3,1985,1,1985,10,11,2014,2018
185,苻彩香,0,黎族,海南,1963,1,1983,1,1994,2,3,1984,1989
186,苻彩香,0,黎族,海南,1963,1,1983,1,1994,3,11,1989,1997
187,苻彩香,0,黎族,海南,1963,1,1983,1,1994,11,12,1997,2006
188,孙大海,1,,湖北,1963,3,1986,1,1986,7,9,2000,2007
189,孙大海,1,,湖北,1963,3,1986,1,1986,9,11,2007,2017
190,蓝佛安,1,汉族,广东,1962,2,1985,1,1985,1,2,1985,1988
191,蓝佛安,1,汉族,广东,1962,2,1985,1,1985,2,7,1988,1993
192,蓝佛安,1,汉族,广东,1962,2,1985,1,1985,7,8,1993,1995
193,蓝佛安,1,汉族,广东,1962,2,1985,1,1985,8,9,1995,1999
194,蓝佛安,1,汉族,广东,1962,2,1985,1,1985,9,11,1999,2016
195,李军,1,汉族,湖南,1962,3,1985,1,1985,2,5,1985,1990
196,李军,1,汉族,湖南,1962,3,1985,1,1985,5,7,1990,1990
197,李军,1,汉族,湖南,1962,3,1985,1,1985,7,8,1990,1997
198,李军,1,汉族,湖南,1962,3,1985,1,1985,8,9,1997,2001
199,李军,1,汉族,湖南,1962,3,1985,1,1985,9,11,2001,2003
200,刘星泰,1,汉族,山东,1963,2,1983,1,1986,5,7,1989,1997
201,刘星泰,1,汉族,山东,1963,2,1983,1,1986,7,9,1997,1999
202,刘星泰,1,汉族,山东,1963,2,1983,1,1986,9,11,1999,2009
203,童道驰,1,汉族,湖南,1967,3,1991,1,2004,9,11,2001,2006
204,童道驰,1,汉族,湖南,1967,3,1991,1,2004,11,12,2006,2007
205,肖莺子,0,壮族,,1963,1,1984,1,1987,5,7,1992,1995
206,肖莺子,0,壮族,,1963,1,1984,1,1987,7,9,1995,2004
207,肖莺子,0,壮族,,1963,1,1984,1,1987,9,11,2004,2017
208,邓忠,1,汉族,广东,1968,1,1991,1,1993,2,3,1991,1994
209,邓忠,1,汉族,广东,1968,1,1991,1,1993,3,7,1994,2001
210,邓忠,1,汉族,广东,1968,1,1991,1,1993,7,10,2001,2003
211,包洪文,1,汉族,福建,1968,2,1989,1,1997,1,3,1990,1997
212,包洪文,1,汉族,福建,1968,2,1989,1,1997,3,7,1997,2004
213,包洪文,1,汉族,福建,1968,2,1989,1,1997,7,10,2004,2012
214,童道驰,1,汉族,湖南,1967,3,1991,1,2004,9,11,2001,2006
215,童道驰,1,汉族,湖南,1967,3,1991,1,2004,11,12,2006,2007
216,毛超峰,1,汉族,,1965,2,1985,1,1986,7,9,1991,2001
217,毛超峰,1,汉族,,1965,2,1985,1,1986,9,11,2001,2011
218,肖杰,1,汉族,广东,1960,2,1982,1,1984,2,7,1989,1995
219,肖杰,1,汉族,广东,1960,2,1982,1,1984,7,9,1995,1996
220,肖杰,1,汉族,广东,1960,2,1982,1,1984,9,11,1996,1998
221,刘赐贵,1,汉族,福建,1955,2,1973,1,1973,6,9,1983,1983
222,刘赐贵,1,汉族,福建,1955,2,1973,1,1973,9,11,1983,1993
223,刘平治,1,汉族,湖南,1964,3,1988,1,1986,4,11,1993,1995
224,王永礼,1,,福建,1966,3,,1,,3,4,1991,1994
225,王永礼,1,,福建,1966,3,,1,,4,8,1994,1999
226,王永礼,1,,福建,1966,3,,1,,8,11,1999,2013
227,周联清,1,汉族,福建,1962,1,1981,1,1991,10,11,2008,2016
228,胡昌升,1,汉族,江西,1963,3,1986,1,1986,9,11,2004,2015
229,梁伟新,1,,福建,1965,2,,1,,8,9,1996,1999
230,康涛,1,汉族,江苏,1963,2,1984,1,1984,7,9,1989,2002
231,胡昌升,1,汉族,江西,1963,3,1986,1,1986,9,11,2004,2015
232,于伟国,1,汉族,,1955,1,1973,1,1975,6,7,1973,1985
233,于伟国,1,汉族,,1955,1,1973,1,1975,7,9,1985,1995
234,于伟国,1,汉族,,1955,1,1973,1,1975,9,10,1995,2006
235,于伟国,1,汉族,,1955,1,1973,1,1975,10,11,2006,2006
236,刘建洋,1,汉族,江西,1966,2,1985,1,1986,7,9,1991,2002
237,尤猛军,1,汉族,福建,,0,,0,,7,9,1985,2009
238,尤猛军,1,汉族,福建,,0,,0,,9,11,2009,2013
239,刘洪建,1,,福建,1973,2,,1,,6,8,1993,1995
240,刘洪建,1,,福建,1973,2,,1,,8,10,1995,2004
241,李建成,1,汉族,天津,1967,2,1988,1,1993,4,5,1989,1993
242,李建成,1,汉族,天津,1967,2,1988,1,1993,5,9,1993,1996
243,李建成,1,汉族,天津,1967,2,1988,1,1993,9,10,1996,2019
244,殷美根,1,汉族,,1963,2,1985,1,1985,7,9,1993,2008
245,殷美根,1,汉族,,1963,2,1985,1,1985,9,11,2008,2015
246,颜赣辉,1,汉族,江西,1962,1,1982,1,1985,5,7,1984,1995
247,颜赣辉,1,汉族,江西,1962,1,1982,1,1985,7,9,1995,2000
248,刘锋,1,汉族,湖南,1964,2,1982,1,1985,5,7,1989,1997
249,刘锋,1,汉族,湖南,1964,2,1982,1,1985,7,8,1997,2001
250,刘锋,1,汉族,湖南,1964,2,1982,1,1985,8,9,2001,2013
251,林彬杨,1,汉族,江西,1963,0,,0,,6,7,2000,2000
252,林彬杨,1,汉族,江西,1963,0,,0,,7,9,2000,2008
253,林彬杨,1,汉族,江西,1963,0,,0,,9,11,2008,2011
254,殷美根,1,汉族,,1963,2,1985,1,1985,7,9,1993,2008
255,殷美根,1,汉族,,1963,2,1985,1,1985,9,11,2008,2015
256,李炳军,1,汉族,山东,1963,1,1984,1,1984,2,11,1984,2007
257,李炳军,1,汉族,山东,1963,1,1984,1,1984,2,11,1984,2007
258,刘强,1,回族,山东,1962,0,1984,1,1984,7,11,1996,2018
259,尹建业,1,白族,云南,1963,2,1986,1,1985,7,10,1990,1993
260,尹建业,1,白族,云南,1963,2,1986,1,1985,10,11,1993,1999
261,施小琳,0,汉族,浙江,1969,2,1990,1,,6,11,2015,2017
262,李江河，男。,1,,,,0,,0,,3,5,1987,1995
263,李江河，男。,1,,,,0,,0,,5,9,1995,2000
264,李江河，男。,1,,,,0,,0,,9,11,2000,2009
265,曾文明,1,汉族,江苏,1963,1,1984,1,1993,5,7,1993,1997
266,曾文明,1,汉族,江苏,1963,1,1984,1,1993,7,11,1997,2008
267,于秀明,1,汉族,江西,1964,2,1983,1,1986,6,7,1985,2000
268,于秀明,1,汉族,江西,1964,2,1983,1,1986,7,9,2000,2002
269,马承祖,1,汉族,江西,1962,1,1982,1,1983,6,9,1982,1991
270,吴忠琼,0,汉族,湖北,1964,2,1988,1,1987,7,11,1997,2001
271,刘奇,1,汉族,山东,1957,3,1974,1,1976,9,11,1996,1997
272,刘奇,1,汉族,山东,1957,3,1974,1,1976,11,12,1997,2008
273,黄喜忠,1,汉族,广东,1969,3,1993,1,1992,2,3,1993,1996
274,黄喜忠,1,汉族,广东,1969,3,1993,1,1992,3,7,1996,2003
275,黄喜忠,1,汉族,广东,1969,3,1993,1,1992,7,8,2003,2004
276,黄喜忠,1,汉族,广东,1969,3,1993,1,1992,8,9,2004,2015
277,胡强,1,汉族,河北,1962,1,1985,1,1990,2,3,1987,1989
278,胡强,1,汉族,河北,1962,1,1985,1,1990,3,7,1989,1994
279,胡强,1,汉族,河北,1962,1,1985,1,1990,7,9,1994,2003
280,胡强,1,汉族,河北,1962,1,1985,1,1990,9,11,2003,2018
281,吴晓军,1,汉族,江西,1966,3,1988,1,1986,2,6,1994,1998
282,吴晓军,1,汉族,江西,1966,3,1988,1,1986,6,9,1998,2003
283,吴晓军,1,汉族,江西,1966,3,1988,1,1986,9,11,2003,2010
284,李小豹,1,汉族,湖南,1968,3,1988,1,1995,10,11,2000,2002
285,王少玄,1,汉族,江西,1968,2,1992,1,1991,2,11,1992,1996
286,犹王莹（合拼）,1,土家族,贵州,1973,1,,1,1995,3,9,1999,2011
287,犹王莹（合拼）,1,土家族,贵州,1973,1,,1,1995,9,11,2011,2015
288,吴晓军,1,汉族,江西,1966,3,1988,1,1986,2,6,1994,1998
289,吴晓军,1,汉族,江西,1966,3,1988,1,1986,6,9,1998,2003
290,吴晓军,1,汉族,江西,1966,3,1988,1,1986,9,11,2003,2010
291,钟志生,1,汉族,江西,1963,2,1982,1,1985,7,9,1986,1990
292,钟志生,1,汉族,江西,1963,2,1982,1,1985,9,11,1990,1996
293,许南吉,1,汉族,浙江,1975,2,1997,1,,2,3,1998,2002
294,许南吉,1,汉族,浙江,1975,2,1997,1,,3,7,2002,2010
295,许南吉,1,汉族,浙江,1975,2,1997,1,,7,11,2010,2011
296,张鸿星,1,汉族,江西,1967,2,1985,1,1992,7,9,1995,2008
297,肖毅,1,汉族,江西,1962,0,1981,1,1984,7,9,1988,1996
298,肖毅,1,汉族,江西,1962,0,1981,1,1984,9,11,1996,2009
299,秦义,1,汉族,内蒙古,1963,1,1985,1,1985,5,6,1988,2003
300,秦义,1,汉族,内蒙古,1963,1,1985,1,1985,6,9,2003,2006
301,秦义,1,汉族,内蒙古,1963,1,1985,1,1985,9,11,2006,2018
302,宗国英,1,汉族,河南,1963,0,,0,,9,11,2009,2013
303,李文荣,1,汉族,云南,1962,2,1984,1,1984,10,11,1985,1987
304,陈豪,1,汉族,江苏,1954,0,,0,,8,9,1983,1985
305,陈豪,1,汉族,江苏,1954,0,,0,,9,10,1985,1997
306,陈豪,1,汉族,江苏,1954,0,,0,,10,12,1997,2003
307,郭大进,1,汉族,安徽,1974,3,1996,1,1995,5,10,2000,2008
308,卫星,1,汉族,云南,1964,0,,0,,7,9,1992,1998
309,卫星,1,汉族,云南,1964,0,,0,,9,11,1998,2007
310,杨军,1,汉族,,1973,2,1995,1,,6,11,1995,1999
311,卫岗,1,傣族,云南,1969,1,1989,1,1998,5,7,1989,1994
312,卫岗,1,傣族,云南,1969,1,1989,1,1998,7,9,1994,2004
313,姚国华,1,汉族,,1965,2,1984,1,,4,7,1993,1995
314,姚国华,1,汉族,,1965,2,1984,1,,7,9,1995,2004
315,姚国华,1,汉族,,1965,2,1984,1,,9,11,2004,2012
316,张太原,1,汉族,山西,1961,3,1976,1,1983,8,9,1984,2000
317,张太原,1,汉族,山西,1961,3,1976,1,1983,9,11,2000,2015
318,罗应光,1,拉祜族,,1966,3,1988,1,1985,6,11,1996,1997
319,宗国英,1,汉族,河南,1963,0,,0,,9,11,2009,2013
320,刘慧晏,1,汉族,山东,1964,3,1987,1,1987,8,11,1998,1999
321,李文荣,1,汉族,云南,1962,2,1984,1,1984,10,11,1985,1987
322,张国华,1,汉族,江苏,1964,0,,0,,8,9,1989,1992
323,张国华,1,汉族,江苏,1964,0,,0,,9,10,1992,1993
324,张国华,1,汉族,江苏,1964,0,,0,,10,11,1993,2018
325,李小三,1,汉族,江西,1963,2,1983,1,1985,5,7,1988,1997
326,李小三,1,汉族,江西,1963,2,1983,1,1985,7,9,1997,2000
327,李小三,1,汉族,江西,1963,2,1983,1,1985,9,10,2000,2012
328,李小三,1,汉族,江西,1963,2,1983,1,1985,10,11,2012,2016
329,罗红江,1,傣族,云南,1962,1,1982,1,1988,7,9,1995,2004
330,张德华,1,汉族,江苏,1966,0,,0,,3,7,1994,2000
331,张德华,1,汉族,江苏,1966,0,,0,,7,9,2000,2016
332,张国华,1,汉族,江苏,1964,0,,0,,8,9,1989,1992
333,张国华,1,汉族,江苏,1964,0,,0,,9,10,1992,1993
334,张国华,1,汉族,江苏,1964,0,,0,,10,11,1993,2018
335,任军号,1,汉族,陕西,1963,0,,0,,6,7,1997,2001
336,任军号,1,汉族,陕西,1963,0,,0,,7,9,2001,2012
337,任军号,1,汉族,陕西,1963,0,,0,,9,11,2012,2017
338,阮成发,1,汉族,湖北,1957,3,1975,1,1982,7,9,1987,1992
339,阮成发,1,汉族,湖北,1957,3,1975,1,1982,9,10,1992,2001
340,阮成发,1,汉族,湖北,1957,3,1975,1,1982,10,11,2001,2004
341,张秀兰,0,苗族,,1966,2,1984,1,1992,8,9,1988,2006
342,张秀兰,0,苗族,,1966,2,1984,1,1992,9,11,2006,2006
343,赵金,1,彝族,云南,1962,0,,0,,5,8,1992,1992
344,赵金,1,彝族,云南,1962,0,,0,,8,11,1992,1999
345,陈舜,1,汉族,云南,1964,0,,0,,6,9,1997,2000
346,陈舜,1,汉族,云南,1964,0,,0,,9,11,2000,2012
347,董华,1,汉族,云南,1961,0,,0,,6,10,1993,2013
348,董华,1,汉族,云南,1961,0,,0,,10,11,2013,2015
349,刘启俊,1,汉族,湖北,1973,1,1994,1,1997,2,4,1996,1998
350,刘启俊,1,汉族,湖北,1973,1,1994,1,1997,4,7,1998,2001
351,刘启俊,1,汉族,湖北,1973,1,1994,1,1997,7,11,2001,2001
352,赵海山,1,汉族,河北,1962,2,1984,1,1983,7,9,2000,2006
353,赵海山,1,汉族,河北,1962,2,1984,1,1983,9,11,2006,2009
354,张爱国,1,汉族,湖北,1962,2,1982,1,1986,4,9,1988,1988
355,尔肯江·吐拉洪,1,维吾尔族,,1964,2,1985,1,1985,7,11,1988,2017
356,杨云彦,1,汉族,湖北,1963,3,1989,0,,6,9,1999,2003
357,杨云彦,1,汉族,湖北,1963,3,1989,0,,9,10,2003,2007
358,杨云彦,1,汉族,湖北,1963,3,1989,0,,10,11,2007,2018
359,周霁,1,汉族,湖北,1964,2,1984,1,,4,7,1994,1997
360,周霁,1,汉族,湖北,1964,2,1984,1,,7,9,1997,2002
361,周霁,1,汉族,湖北,1964,2,1984,1,,9,11,2002,2016
362,吴锦,1,汉族,湖北,1969,3,1991,1,1990,3,9,1998,2000
363,黄楚平,1,汉族,湖北,1962,3,1984,1,1984,6,9,2004,2007
364,黄楚平,1,汉族,湖北,1962,3,1984,1,1984,9,11,2007,2012
365,黄楚平,1,汉族,湖北,1962,3,1984,1,1984,6,9,2004,2007
366,黄楚平,1,汉族,湖北,1962,3,1984,1,1984,9,11,2007,2012
367,万勇,1,汉族,湖北,1960,2,1982,1,1985,7,9,1995,2005
368,万勇,1,汉族,湖北,1960,2,1982,1,1985,9,11,2005,2008
369,孟祥伟,1,汉族,河北,1966,3,1989,1,1990,10,11,1994,1996
370,周先旺,1,土家族,湖北,1962,1,1980,1,1987,7,8,1985,1994
371,周先旺,1,土家族,湖北,1962,1,1980,1,1987,8,9,1994,1998
372,周先旺,1,土家族,湖北,1962,1,1980,1,1987,9,11,1998,2017
373,李乐成,1,汉族,湖北,1965,0,1984,1,1991,9,11,2002,2017
374,王远鹤,1,汉族,湖北,1963,2,1985,1,1994,2,5,1986,1990
375,王远鹤,1,汉族,湖北,1963,2,1985,1,1994,5,7,1990,1993
376,王远鹤,1,汉族,湖北,1963,2,1985,1,1994,7,9,1993,2006
377,吴祖云,1,汉族,湖北,1967,2,1988,1,1993,7,8,2011,2018
378,孙兵,1,汉族,湖北,1966,2,1987,1,,1,9,1987,2002
379,刘海军,1,汉族,湖北,1968,2,1990,1,1994,7,9,2003,2004
380,刘海军,1,汉族,湖北,1968,2,1990,1,1994,9,11,2004,2016
381,崔永辉,1,汉族,湖北,1970,1,1991,1,1991,2,6,1991,2000
382,崔永辉,1,汉族,湖北,1970,1,1991,1,1991,6,9,2000,2002
383,张维国,1,汉族,湖北,1963,0,1983,1,,7,9,1986,2005
384,张维国,1,汉族,湖北,1963,0,1983,1,,9,11,2005,2018
385,王晓东,1,汉族,江西,1960,2,1983,1,1983,1,11,1983,1989
386,庄光明,1,汉族,湖北,1966,0,1989,1,1988,7,9,1997,2000
387,李乐成,1,汉族,湖北,1965,0,1984,1,1991,9,11,2002,2017
388,应勇,1,汉族,浙江,1957,2,1976,1,1979,1,7,1976,1983
389,应勇,1,汉族,浙江,1957,2,1976,1,1979,7,9,1983,1992
390,应勇,1,汉族,浙江,1957,2,1976,1,1979,9,11,1992,2013
391,吴海涛,1,汉族,湖北,1967,1,1986,1,1991,4,7,1997,2000
392,吴海涛,1,汉族,湖北,1967,1,1986,1,1991,7,9,2000,2012
393,曹广晶,1,汉族,山东,1964,3,1985,1,1991,7,11,1993,1997
394,杨兴铭,1,汉族,,1975,2,1992,1,1997,5,6,2000,2008
395,杨兴铭,1,汉族,,1975,2,1992,1,1997,6,7,2008,2011
396,杨兴铭,1,汉族,,1975,2,1992,1,1997,7,8,2011,2020
397,王瑞连,1,汉族,山东,1964,2,1979,1,1985,10,11,1979,2000
398,周霁,1,汉族,湖北,1964,2,1984,1,,4,7,1994,1997
399,周霁,1,汉族,湖北,1964,2,1984,1,,7,9,1997,2002
400,周霁,1,汉族,湖北,1964,2,1984,1,,9,11,2002,2016
401,陈新武,1,汉族,湖北,1968,2,1990,1,1988,8,9,1997,2005
402,陈新武,1,汉族,湖北,1968,2,1990,1,1988,9,11,2005,2012
403,王艳玲,0,汉族,河南,1962,3,1983,1,1982,9,10,2009,2011
404,王艳玲,0,汉族,河南,1962,3,1983,1,1982,10,11,2011,2013
405,肖菊华,0,汉族,湖北,1966,2,1988,1,1994,7,11,1994,1997
406,曾欣,1,汉族,湖南,1966,2,1987,1,1987,2,3,1988,1992
407,曾欣,1,汉族,湖南,1966,2,1987,1,1987,3,7,1992,1996
408,曾欣,1,汉族,湖南,1966,2,1987,1,1987,7,11,1996,2012
409,邱丽新,0,满族,河北,1968,2,1990,1,1998,2,6,1998,2005
410,邱丽新,0,满族,河北,1968,2,1990,1,1998,6,10,2005,2007
411,周志红,0,,湖北,1971,2,1993,1,1992,7,9,2002,2006
412,徐刚,1,汉族,四川,1972,1,1996,1,1996,2,11,1997,2006
413,马顺清,1,回族,青海,1963,2,1983,1,1984,2,7,1989,1991
414,马顺清,1,回族,青海,1963,2,1983,1,1984,7,10,1991,1994
415,马顺清,1,回族,青海,1963,2,1983,1,1984,10,11,1994,1997
416,陈浙闽,1,汉族,浙江,1961,2,1977,1,1982,3,10,1986,1989
417,陈浙闽,1,汉族,浙江,1961,2,1977,1,1982,10,11,1989,1992
418,夏新,1,,河南,1963,2,1983,1,1986,8,9,2002,2011
419,夏新,1,,河南,1963,2,1983,1,1986,9,10,2011,2014
420,贺亦农,1,汉族,天津,1965,2,,0,,4,9,1991,1994
421,贺亦农,1,汉族,天津,1965,2,,0,,9,12,1994,2006
422,赵飞,1,汉族,湖北,1964,2,1984,1,1986,5,9,1992,2011
423,赵飞,1,汉族,湖北,1964,2,1984,1,1986,9,11,2011,2016
424,王宝雨,1,汉族,天津,1970,2,1990,1,1994,5,7,2001,2011
425,冯卫华,1,汉族,天津,1965,1,1987,1,1985,10,11,1987,2009
426,张国清,1,汉族,河南,1964,3,1985,1,1984,7,11,1993,2013
427,冀国强,1,汉族,河南,1965,2,1988,1,1987,1,3,1988,1993
428,冀国强,1,汉族,河南,1965,2,1988,1,1987,3,5,1993,1998
429,冀国强,1,汉族,河南,1965,2,1988,1,1987,5,9,1998,2001
430,冀国强,1,汉族,河南,1965,2,1988,1,1987,9,11,2001,2003
431,刘惠,0,汉族,河北,1968,2,1990,1,1995,9,11,1996,2002
432,马顺清,1,回族,青海,1963,2,1983,1,1984,2,7,1989,1991
433,马顺清,1,回族,青海,1963,2,1983,1,1984,7,10,1991,1994
434,马顺清,1,回族,青海,1963,2,1983,1,1984,10,11,1994,1997
435,何智能,1,汉族,湖南,1975,3,1999,1,1996,7,9,2005,2010
436,王洪海,1,汉族,天津,1964,2,1983,1,1991,4,5,1992,1996
437,王洪海,1,汉族,天津,1964,2,1983,1,1991,5,8,1996,1999
438,王洪海,1,汉族,天津,1964,2,1983,1,1991,8,9,1999,2001
439,王洪海,1,汉族,天津,1964,2,1983,1,1991,9,10,2001,2011
440,孙剑楠,1,汉族,江西,1968,2,1991,1,1994,4,12,1996,2001
441,张伟,1,汉族,,1967,2,1989,1,1989,4,7,1991,1995
442,张伟,1,汉族,,1967,2,1989,1,1989,7,9,1995,2011
443,农生文,1,壮族,,1965,2,1990,1,1995,3,7,1991,1994
444,农生文,1,壮族,,1965,2,1990,1,1995,7,9,1994,2000
445,郑俊康,1,汉族,浙江,1959,2,1977,1,1988,7,9,1993,2004
446,李延强,1,汉族,河北,1963,2,1984,1,1987,3,9,1988,1994
447,李宏庆,1,汉族,,1963,2,1985,1,1985,1,3,1985,1992
448,李宏庆,1,汉族,,1963,2,1985,1,1985,3,10,1992,1994
449,曾万明,1,汉族,四川,1964,3,1981,1,1987,6,7,1987,1993
450,曾万明,1,汉族,四川,1964,3,1981,1,1987,7,9,1993,2001
451,周红波,1,汉族,,1970,2,1992,1,1997,7,9,2002,2006
452,唐云舒,1,瑶族,,1963,2,1984,1,1986,7,9,1996,2010
453,秦春成,1,汉族,,1966,2,1985,1,1987,6,9,1991,1996
454,钟畅姿,0,水族,,1971,2,1995,1,1997,2,3,1996,1997
455,钟畅姿,0,水族,,1971,2,1995,1,1997,3,4,1997,2000
456,钟畅姿,0,水族,,1971,2,1995,1,1997,4,7,2000,2002
457,钟畅姿,0,水族,,1971,2,1995,1,1997,7,9,2002,2009
458,周红波,1,汉族,,1970,2,1992,1,1997,7,9,2002,2006
459,白松涛,1,满族,,1972,3,,1,1995,6,7,2003,2008
460,白松涛,1,满族,,1972,3,,1,1995,7,9,2008,2009
461,吴炜,1,汉族,广东,1968,2,1987,1,1993,8,9,1990,1992
462,班忠柏,1,壮族,,1964,2,1981,1,1984,2,9,1992,1995
463,李新元,1,汉族,江苏,1962,2,1980,1,1989,8,9,1986,1991
464,刘有明,1,汉族,,1963,3,1987,1,1989,2,9,1987,1997
465,王乃学,1,汉族,山东,1962,3,1984,1,1986,7,9,1992,2003
466,何良军,1,,,1971,2,1994,1,2001,5,9,1998,2009
467,雷应敏,1,汉族,,1964,2,1986,1,1986,8,9,1991,2008
468,黄世勇,1,壮族,,1961,2,1981,1,1988,4,7,1985,2000
469,黄世勇,1,壮族,,1961,2,1981,1,1988,7,9,2000,2005
470,全桂寿,1,汉族,,1964,2,1984,1,1984,6,7,1984,1997
471,全桂寿,1,汉族,,1964,2,1984,1,1984,7,9,1997,2009
472,蔡锦军,1,汉族,,1968,2,1986,1,1996,8,9,1996,2006
473,徐绍川,1,满族,,1963,2,1982,1,1984,6,7,1983,1985
474,徐绍川,1,满族,,1963,2,1982,1,1984,7,9,1985,1992
475,徐绍川,1,满族,,1963,2,1982,1,1984,9,11,1992,1997
476,何辛幸,1,汉族,山东,1962,2,1983,1,1985,4,5,1989,1990
477,何辛幸,1,汉族,山东,1962,2,1983,1,1985,5,7,1990,1993
478,何辛幸,1,汉族,山东,1962,2,1983,1,1985,7,9,1993,2008
479,廖建宇,1,汉族,四川,1964,2,1985,1,1986,10,11,1985,1994
480,廖建宇,1,汉族,四川,1964,2,1985,1,1986,11,12,1994,2015
481,崔枫林,1,汉族,河南,1960,1,1979,1,1981,3,10,1990,1995
482,崔枫林,1,汉族,河南,1960,1,1979,1,1981,10,11,1995,2017
483,王大伟,1,汉族,黑龙江,1964,3,1990,1,1984,2,11,1992,1998
484,王明玉,1,汉族,辽宁,1963,2,1988,1,1987,4,9,1991,2010
485,王明玉,1,汉族,辽宁,1963,2,1988,1,1987,9,11,2010,2018
486,裴伟东,1,汉族,内蒙古,1964,2,,1,1989,2,6,1989,2001
487,裴伟东,1,汉族,内蒙古,1964,2,,1,1989,6,11,2001,2008
488,陈绿平,1,汉族,广东,1963,3,1982,1,1986,3,9,1988,2002
489,陈绿平,1,汉族,广东,1963,3,1982,1,1986,9,11,2002,2007
490,陆治原,1,汉族,陕西,1964,0,,0,,7,9,1995,2010
491,陆治原,1,汉族,陕西,1964,0,,0,,9,11,2010,2018
492,田树槐,1,汉族,辽宁,1965,2,1984,1,1987,6,7,1989,1996
493,田树槐,1,汉族,辽宁,1965,2,1984,1,1987,7,9,1996,2015
494,王力威,1,汉族,,1963,2,1985,1,1984,10,11,1985,2012
495,隋显利,1,汉族,,1964,1,1985,1,1985,2,8,1995,2010
496,隋显利,1,汉族,,1964,1,1985,1,1985,8,9,2010,2015
497,陈向群,1,汉族,河北,1962,1,1983,1,1982,2,3,1983,1987
498,陈向群,1,汉族,河北,1962,1,1983,1,1982,3,7,1987,1991
499,陈向群,1,汉族,河北,1962,1,1983,1,1982,7,9,1991,1998
500,陈向群,1,汉族,河北,1962,1,1983,1,1982,9,11,1998,2010
501,高键,1,汉族,山西,1969,2,1992,1,1991,8,11,2001,2003
502,王健,1,汉族,,1965,2,1988,1,1985,7,9,1996,2016
503,于学利,1,汉族,,1963,1,1981,1,1985,3,6,1990,1992
504,于学利,1,汉族,,1963,1,1981,1,1985,6,7,1992,1997
505,于学利,1,汉族,,1963,1,1981,1,1985,7,9,1997,2009
506,姜有为,1,汉族,吉林,1967,2,1989,1,1994,7,11,1995,1999
507,吕志成,1,汉族,河北,1966,2,1990,1,1996,7,9,2001,2015
508,陈向群,1,汉族,河北,1962,1,1983,1,1982,2,3,1983,1987
509,陈向群,1,汉族,河北,1962,1,1983,1,1982,3,7,1987,1991
510,陈向群,1,汉族,河北,1962,1,1983,1,1982,7,9,1991,1998
511,陈向群,1,汉族,河北,1962,1,1983,1,1982,9,11,1998,2010
512,郝春荣,0,汉族,山东,1963,2,1983,1,1985,9,10,1990,2016
513,郝春荣,0,汉族,山东,1963,2,1983,1,1985,10,11,2016,2018
514,蹇彪,1,满族,辽宁,1964,3,1988,1,1985,5,11,1989,1998
515,陈求发,1,苗族,湖南,1954,1,1973,1,1974,10,11,1988,2008
516,曾卿,1,汉族,四川,1969,2,1991,1,1995,2,7,2001,2001
517,曾卿,1,汉族,四川,1969,2,1991,1,1995,7,9,2001,2004
518,曾卿,1,汉族,四川,1969,2,1991,1,1995,9,10,2004,2012
519,元方,1,汉族,陕西,1974,3,1995,1,,2,8,1995,2005
520,元方,1,汉族,陕西,1974,3,1995,1,,8,10,2005,2010
521,田向利,0,汉族,,1963,3,1984,1,1984,6,9,1985,1992
522,田向利,0,汉族,,1963,3,1984,1,1984,9,11,1992,1996
523,叶寒冰,1,汉族,,1965,2,1982,1,1985,1,7,1986,1997
524,叶寒冰,1,汉族,,1965,2,1982,1,1985,7,9,1997,2004
525,叶寒冰,1,汉族,,1965,2,1982,1,1985,9,11,2004,2018
526,廖仁松,1,汉族,四川,1963,1,1981,1,1985,7,9,1985,2016
527,林书成,1,汉族,甘肃,1962,1,1982,1,1985,6,9,1992,2012
528,林书成,1,汉族,甘肃,1962,1,1982,1,1985,9,11,2012,2018
529,肖友才,1,藏族,四川,1965,0,,0,,5,10,1986,1992
530,李云泽,1,汉族,山东,1970,3,1993,1,2001,9,11,1995,2018
531,王一宏,1,汉族,四川,1961,2,1978,1,1983,2,5,1978,1984
532,王一宏,1,汉族,四川,1961,2,1978,1,1983,5,7,1984,1990
533,王一宏,1,汉族,四川,1961,2,1978,1,1983,7,9,1990,2003
534,王一宏,1,汉族,四川,1961,2,1978,1,1983,9,11,2003,2018
535,曲新勇,1,汉族,山东,1961,0,1978,1,1981,3,6,1986,2001
536,曲新勇,1,汉族,山东,1961,0,1978,1,1981,6,11,2001,2017
537,李建勤,1,汉族,江苏,1963,3,1987,1,1986,7,9,1992,1996
538,李建勤,1,汉族,江苏,1963,3,1987,1,1986,9,11,1996,1998
539,李建勤,1,汉族,江苏,1963,3,1987,1,1986,11,12,1998,2002
540,何树平,1,汉族,四川,1968,3,1987,1,1987,3,8,1996,2002
541,何树平,1,汉族,四川,1968,3,1987,1,1987,8,11,2002,2014
542,王凤朝,1,汉族,四川,1965,3,1986,1,1986,9,11,2005,2007
543,吴旭,0,汉族,四川,1970,2,1991,1,,9,11,1996,2000
544,刘强,1,汉族,四川,1965,2,1983,1,1985,6,7,1983,1992
545,刘强,1,汉族,四川,1965,2,1983,1,1985,7,9,1992,2001
546,张彤,1,汉族,四川,1973,3,1994,1,1994,8,9,1994,1997
547,张彤,1,汉族,四川,1973,3,1994,1,1994,9,11,1997,2007
548,郭亨孝,1,汉族,四川,1964,2,1987,1,1986,5,8,1990,1998
549,郭亨孝,1,汉族,四川,1964,2,1987,1,1986,8,9,1998,2014
550,马波,1,土家族,重庆,1964,2,1982,1,1986,6,7,1988,1993
551,马波,1,土家族,重庆,1964,2,1982,1,1986,7,9,1993,2003
552,马波,1,土家族,重庆,1964,2,1982,1,1986,9,10,2003,2005
553,邵革军,1,汉族,,1966,2,1988,1,1991,10,11,1992,1996
554,邓正权,1,汉族,重庆,1966,2,1989,1,1993,2,3,1990,1993
555,邓正权,1,汉族,重庆,1966,2,1989,1,1993,3,7,1993,2000
556,邓正权,1,汉族,重庆,1966,2,1989,1,1993,7,10,2000,2009
557,邓正权,1,汉族,重庆,1966,2,1989,1,1993,10,11,2009,2012
558,刘成鸣,1,汉族,四川,1963,2,1979,1,1985,9,11,1994,2020
559,王菲,1,汉族,四川,1963,3,1986,1,1985,5,6,1987,1987
560,王菲,1,汉族,四川,1963,3,1986,1,1985,6,9,1987,1994
561,胡元坤,1,汉族,江苏,1970,3,1991,1,1991,3,7,1996,1999
562,胡元坤,1,汉族,江苏,1970,3,1991,1,1991,7,10,1999,2013
563,曲木史哈,1,彝族,四川,1960,2,1976,1,1985,8,10,1981,1996
564,曲木史哈,1,彝族,四川,1960,2,1976,1,1985,10,11,1996,2004
565,邹自景,1,汉族,河北,1968,2,1991,1,,5,10,1993,1996
566,范锐平,1,汉族,湖北,1966,2,1984,1,1985,6,8,1990,1997
567,范锐平,1,汉族,湖北,1966,2,1984,1,1985,8,9,1997,2000
568,范锐平,1,汉族,湖北,1966,2,1984,1,1985,9,11,2000,2001
569,杨洪波,1,汉族,四川,1960,2,1982,1,1988,4,11,1992,1995
570,彭琳,1,,重庆,1963,3,1984,1,1986,7,8,1992,1994
571,彭琳,1,,重庆,1963,3,1984,1,1986,8,9,1994,1996
572,彭琳,1,,重庆,1963,3,1984,1,1986,9,11,1996,2008
573,杨克宁,1,藏族,四川,1962,2,1982,1,1987,3,10,1984,1988
574,罗增斌,1,汉族,四川,1967,3,1990,1,1993,2,3,1991,1994
575,罗增斌,1,汉族,四川,1967,3,1990,1,1993,3,7,1994,1996
576,罗增斌,1,汉族,四川,1967,3,1990,1,1993,7,9,1996,2003
577,邹瑾,1,汉族,,1964,2,1986,1,1987,6,7,1989,2000
578,邹瑾,1,汉族,,1964,2,1986,1,1987,7,9,2000,2008
579,靳磊,1,汉族,河南,1970,2,1992,1,1999,7,11,2003,2004
580,杨兴平,1,汉族,四川,1965,2,1984,1,1994,9,11,1999,2007
581,包惠,0,汉族,云南,1963,3,1984,1,1983,7,9,1994,2005
582,包惠,0,汉族,云南,1963,3,1984,1,1983,9,12,2005,2018
583,郑莉,0,汉族,山东,1969,1,1991,1,1998,3,7,1996,1999
584,郑莉,0,汉族,山东,1969,1,1991,1,1998,7,10,1999,2017
585,兰开驰,1,汉族,四川,1961,2,1980,1,1984,7,8,1982,1998
586,兰开驰,1,汉族,四川,1961,2,1980,1,1984,8,9,1998,1999
587,王雁飞,1,汉族,河北,1963,2,1986,1,1983,2,7,1986,1993
588,王雁飞,1,汉族,河北,1963,2,1986,1,1983,7,10,1993,1994
589,王雁飞,1,汉族,河北,1963,2,1986,1,1983,10,11,1994,2006
590,宋朝华,1,汉族,四川,1962,1,1983,1,1983,7,9,1985,2008
591,尹力,1,汉族,山东,1962,3,1987,1,1983,7,9,1994,1999
592,尹力,1,汉族,山东,1962,3,1987,1,1983,9,11,1999,2008
593,罗强,1,汉族,重庆,1963,3,1982,1,1985,8,10,1988,1993
594,罗强,1,汉族,重庆,1963,3,1982,1,1985,10,11,1993,1996
595,甘霖,1,汉族,湖北,1963,3,1981,1,1984,5,6,1991,1999
596,甘霖,1,汉族,湖北,1963,3,1981,1,1984,6,9,1999,2001
597,甘霖,1,汉族,湖北,1963,3,1981,1,1984,9,10,2001,2003
598,甘霖,1,汉族,湖北,1963,3,1981,1,1984,10,11,2003,2012
599,尧斯丹,1,藏族,四川,1962,2,1983,1,1982,8,11,1985,1992
600,虞平,1,汉族,四川,1968,2,1986,1,1992,4,7,1996,1997
601,虞平,1,汉族,四川,1968,2,1986,1,1992,7,9,1997,2002
602,何平,1,汉族,四川,1964,0,,0,,7,9,2005,2008
603,邓小刚,1,汉族,湖南,1967,3,1992,1,1991,5,9,1994,1994
604,邓小刚,1,汉族,湖南,1967,3,1992,1,1991,9,11,1994,2017
605,范锐平,1,汉族,湖北,1966,2,1984,1,1985,6,8,1990,1997
606,范锐平,1,汉族,湖北,1966,2,1984,1,1985,8,9,1997,2000
607,范锐平,1,汉族,湖北,1966,2,1984,1,1985,9,11,2000,2001
608,王正谱,1,汉族,山东,1963,0,,0,,7,9,1994,2008
609,王正谱,1,汉族,山东,1963,0,,0,,9,11,2008,2015
610,刘坪,1,汉族,四川,1963,2,1980,1,1985,7,9,1996,2008
611,刘坪,1,汉族,四川,1963,2,1980,1,1985,9,11,2008,2017
612,何礼,1,汉族,四川,1965,3,1991,1,1990,7,8,2004,2007
613,何礼,1,汉族,四川,1965,3,1991,1,1990,8,9,2007,2016
614,张集智,1,汉族,,1969,0,1989,1,1994,7,9,2001,2005
615,刘文新,1,汉族,江西,1967,2,1985,1,1995,7,8,2000,2002
616,刘文新,1,汉族,江西,1967,2,1985,1,1995,8,9,2002,2005
617,郭瑞民,1,汉族,河南,1962,1,1982,1,1984,8,9,1986,1987
618,郭瑞民,1,汉族,河南,1962,1,1982,1,1984,9,11,1987,2017
619,卢雍政同志,1,汉族,湖南,1967,3,1989,1,1986,11,12,1993,2001
620,谌贻琴,0,白族,贵州,1959,2,1977,1,1985,10,11,1982,1995
621,谌贻琴,0,白族,贵州,1959,2,1977,1,1985,11,12,1995,1998
622,胡忠雄同志,1,汉族,湖南,1966,3,1989,1,1985,6,11,1995,1997
623,宋晓路,1,仡佬族,贵州,1969,0,1987,1,1991,5,7,1994,1996
624,宋晓路,1,仡佬族,贵州,1969,0,1987,1,1991,7,9,1996,1998
625,吴胜华,1,布依族,贵州,1966,2,1988,1,1994,7,9,1992,2007
626,吴胜华,1,布依族,贵州,1966,2,1988,1,1994,9,10,2007,2007
627,孙志刚,1,汉族,河南,1954,3,1971,1,1976,9,11,1985,2002
628,赵德明,1,瑶族,,1963,2,1983,1,1985,7,8,1984,2013
629,赵德明,1,瑶族,,1963,2,1983,1,1985,8,11,2013,2018
630,陶长海,1,汉族,,1963,2,1982,1,1985,10,11,1982,2009
631,夏红民,1,汉族,湖北,1961,1,1982,1,1981,9,11,1988,1990
632,陈少荣,1,,,1966,1,1987,1,1994,5,9,1992,2006
633,陈晏,1,汉族,江苏,1963,1,1986,1,1986,2,3,1986,1995
634,陈晏,1,汉族,江苏,1963,1,1986,1,1986,3,7,1995,2000
635,陈晏,1,汉族,江苏,1963,1,1986,1,1986,7,9,2000,2012
636,李刚,1,汉族,贵州,1972,2,1998,1,1992,2,7,1999,2002
637,李刚,1,汉族,贵州,1972,2,1998,1,1992,7,9,2002,2008
638,李刚,1,汉族,贵州,1972,2,1998,1,1992,9,10,2008,2013
639,赵德明,1,瑶族,,1963,2,1983,1,1985,7,8,1984,2013
640,赵德明,1,瑶族,,1963,2,1983,1,1985,8,11,2013,2018
641,龙长春,1,苗族,贵州,1963,2,1983,1,1984,5,6,1993,1996
642,龙长春,1,苗族,贵州,1963,2,1983,1,1984,6,7,1996,1998
643,龙长春,1,苗族,贵州,1963,2,1983,1,1984,7,9,1998,2008
644,龙长春,1,苗族,贵州,1963,2,1983,1,1984,9,11,2008,2017
645,陈昌旭,1,汉族,,1970,0,1988,1,1990,5,6,1991,1995
646,陈昌旭,1,汉族,,1970,0,1988,1,1990,6,9,1995,1998
647,陈昌旭,1,汉族,,1970,0,1988,1,1990,9,11,1998,2002
648,唐德智,1,汉族,四川,1965,0,,0,,7,9,1993,2003
649,陈训华,1,汉族,贵州,1961,2,1983,1,1985,4,7,1991,1993
650,陈训华,1,汉族,贵州,1961,2,1983,1,1985,7,8,1993,2005
651,陈训华,1,汉族,贵州,1961,2,1983,1,1985,8,9,2005,2005
652,李再勇,1,仡佬族,贵州,1962,2,1983,1,1984,4,7,1984,1985
653,李再勇,1,仡佬族,贵州,1962,2,1983,1,1984,7,9,1985,2000
654,李再勇,1,仡佬族,贵州,1962,2,1983,1,1984,9,11,2000,2016
655,桑维亮,1,汉族,,1962,0,1984,1,1992,8,9,1984,2011
656,刘捷,1,汉族,江苏,1970,3,1992,1,1996,6,8,1996,2008
657,刘捷,1,汉族,江苏,1970,3,1992,1,1996,8,9,2008,2011
658,刘捷,1,汉族,江苏,1970,3,1992,1,1996,9,11,2011,2016
659,罗强,1,苗族,贵州,1970,3,1992,1,1998,6,9,1999,2012
660,赵德明,1,瑶族,,1963,2,1983,1,1985,7,8,1984,2013
661,赵德明,1,瑶族,,1963,2,1983,1,1985,8,11,2013,2018
662,李再勇,1,仡佬族,贵州,1962,2,1983,1,1984,4,7,1984,1985
663,李再勇,1,仡佬族,贵州,1962,2,1983,1,1984,7,9,1985,2000
664,李再勇,1,仡佬族,贵州,1962,2,1983,1,1984,9,11,2000,2016
665,陈晏,1,汉族,江苏,1963,1,1986,1,1986,2,3,1986,1995
666,陈晏,1,汉族,江苏,1963,1,1986,1,1986,3,7,1995,2000
667,陈晏,1,汉族,江苏,1963,1,1986,1,1986,7,9,2000,2012
668,陈永奇,1,汉族,山西,1967,3,1992,1,1985,2,7,1992,1997
669,陈永奇,1,汉族,山西,1967,3,1992,1,1985,7,11,1997,2006
670,罗梅,0,藏族,,1969,2,1990,1,1994,2,5,1990,1993
671,罗梅,0,藏族,,1969,2,1990,1,1994,5,7,1993,1998
672,坚参,1,藏族,,1962,2,1980,1,1984,5,7,1984,1987
673,罗布顿珠,1,藏族,,1960,2,1978,1,1978,7,9,1990,1998
674,石谋军,1,苗族,湖南,1968,2,1991,1,1990,2,10,1997,1997
675,石谋军,1,苗族,湖南,1968,2,1991,1,1990,10,11,1997,2014
676,张洪波,1,汉族,四川,1965,2,1986,1,1985,7,8,1994,2007
677,张洪波,1,汉族,四川,1965,2,1986,1,1985,8,9,2007,2014
678,张延清,1,藏族,甘肃,1964,2,1981,1,1990,5,9,1993,2009
679,普布顿珠,1,藏族,,1972,2,1996,1,1996,2,7,1996,2002
680,普布顿珠,1,藏族,,1972,2,1996,1,1996,7,9,2002,2012
681,多吉次珠,1,藏族,,1962,2,1980,1,1983,2,11,1987,1993
682,洛桑江村,1,藏族,,1957,2,1976,1,1978,7,9,1986,1995
683,旦科,1,藏族,青海,1962,2,1981,1,1988,7,9,1992,2000
684,旦科,1,藏族,青海,1962,2,1981,1,1988,9,11,2000,2012
685,何文浩,1,汉族,湖南,1964,1,1984,1,1988,2,8,1986,1994
686,何文浩,1,汉族,湖南,1964,1,1984,1,1988,8,9,1994,2002
687,果果,1,藏族,,1967,0,,0,,6,11,1987,1993
688,张永泽,1,汉族,云南,1969,0,,0,,7,8,1998,2016
689,陈军,1,汉族,河南,1969,2,1988,1,1997,6,7,1988,2000
690,陈军,1,汉族,河南,1969,2,1988,1,1997,7,9,2000,2014
691,阿布,1,回族,,1967,2,1989,1,1992,7,9,1994,2009
692,旺堆,1,藏族,,1963,2,1984,1,1992,7,9,1993,2015
693,罗布顿珠,1,藏族,,1960,2,1978,1,1978,7,9,1990,1998
694,刘江,1,汉族,四川,1967,2,1986,1,1991,1,2,1987,1991
695,刘江,1,汉族,四川,1967,2,1986,1,1991,2,5,1991,1992
696,刘江,1,汉族,四川,1967,2,1986,1,1991,5,6,1992,1996
697,刘江,1,汉族,四川,1967,2,1986,1,1991,6,7,1996,1997
698,刘江,1,汉族,四川,1967,2,1986,1,1991,7,9,1997,2009
699,许成仓,1,汉族,安徽,1963,2,1985,1,1990,7,9,1991,2002
700,许成仓,1,汉族,安徽,1963,2,1985,1,1990,9,12,2002,2014
701,甲热•洛桑丹增,1,藏族,,1953,0,1956,1,,7,9,1986,2000
702,张延清,1,藏族,甘肃,1964,2,1981,1,1990,5,9,1993,2009
703,姜杰,1,汉族,山东,1965,3,1985,1,1985,8,9,1991,1993
704,江白,1,藏族,,1963,0,1986,1,1988,6,11,1986,1997
705,齐扎拉,1,藏族,云南,1958,2,1979,1,1982,7,10,1983,1984
706,齐扎拉,1,藏族,云南,1958,2,1979,1,1982,10,11,1984,2010
707,庄严,1,汉族,吉林,1967,2,1988,1,1985,2,10,1988,1998
708,庄严,1,汉族,吉林,1967,2,1988,1,1985,10,11,1998,2009
709,姜杰,1,汉族,山东,1965,3,1985,1,1985,8,9,1991,1993
710,庄严,1,汉族,吉林,1967,2,1988,1,1985,2,10,1988,1998
711,庄严,1,汉族,吉林,1967,2,1988,1,1985,10,11,1998,2009
712,马升昌,1,汉族,山东,1961,2,1983,1,1987,7,9,1987,1991
713,边巴扎西,1,藏族,,1964,1,1988,1,1985,3,7,1993,1996
714,边巴扎西,1,藏族,,1964,1,1988,1,1985,7,8,1996,2005
715,杨培君,1,汉族,陕西,1961,2,1983,0,,7,9,1995,2008
716,张柱,1,汉族,宁夏,1968,2,1989,1,1988,3,4,1991,1994
717,张柱,1,汉族,宁夏,1968,2,1989,1,1988,4,7,1994,1996
718,张柱,1,汉族,宁夏,1968,2,1989,1,1988,7,9,1996,2006
719,赖蛟,1,汉族,重庆,1972,2,1995,1,1992,6,8,1996,1997
720,赖蛟,1,汉族,重庆,1972,2,1995,1,1992,8,11,1997,2006
721,刘可为,1,汉族,湖南,1964,2,1982,1,1987,10,11,1982,1999
722,陈润儿,1,汉族,湖南,1957,2,1975,1,1975,6,7,1977,1985
723,陈润儿,1,汉族,湖南,1957,2,1975,1,1975,7,9,1985,1995
724,陈润儿,1,汉族,湖南,1957,2,1975,1,1975,9,11,1995,2006
725,咸辉,0,回族,甘肃,1958,3,1975,1,1976,10,11,1982,2000
726,艾俊涛,1,汉族,四川,1965,2,1984,1,1991,3,7,1991,1995
727,艾俊涛,1,汉族,四川,1965,2,1984,1,1991,7,9,1995,2004
728,张超超,1,汉族,河南,1967,3,1995,1,1987,5,9,1996,2002
729,张超超,1,汉族,河南,1967,3,1995,1,1987,9,11,2002,2005
730,马汉成,1,回族,宁夏,1968,2,1990,1,1987,3,7,1993,1997
731,马汉成,1,回族,宁夏,1968,2,1990,1,1987,7,9,1997,2005
732,张柱,1,汉族,宁夏,1968,2,1989,1,1988,3,4,1991,1994
733,张柱,1,汉族,宁夏,1968,2,1989,1,1988,4,7,1994,1996
734,张柱,1,汉族,宁夏,1968,2,1989,1,1988,7,9,1996,2006
735,姜志刚,1,汉族,江苏,1960,2,1982,1,1986,10,11,1985,2013
736,马汉成,1,回族,宁夏,1968,2,1990,1,1987,3,7,1993,1997
737,马汉成,1,回族,宁夏,1968,2,1990,1,1987,7,9,1997,2005
738,姜志刚,1,汉族,江苏,1960,2,1982,1,1986,10,11,1985,2013
739,赵永清,1,汉族,山东,1963,2,1982,1,1989,6,7,1991,1995
740,赵永清,1,汉族,山东,1963,2,1982,1,1989,7,9,1995,2003
741,张超超,1,汉族,河南,1967,3,1995,1,1987,5,9,1996,2002
742,张超超,1,汉族,河南,1967,3,1995,1,1987,9,11,2002,2005
743,何健,1,汉族,江苏,1965,2,1986,1,1985,5,10,1993,1997
744,何健,1,汉族,江苏,1965,2,1986,1,1985,10,11,1997,2001
745,胡文容,1,,福建,1964,3,,0,,5,9,1996,2004
746,胡文容,1,,福建,1964,3,,0,,9,11,2004,2009
747,辛国荣,1,汉族,重庆,1963,2,,1,,8,9,2001,2007
748,唐良智,1,汉族,湖北,1960,3,1983,1,1982,7,9,1998,2007
749,唐良智,1,汉族,湖北,1960,3,1983,1,1982,9,11,2007,2017
750,李应兰,1,汉族,重庆,1965,2,1983,1,1986,5,6,1993,1996
751,李应兰,1,汉族,重庆,1965,2,1983,1,1986,6,7,1996,1997
752,李应兰,1,汉族,重庆,1965,2,1983,1,1986,7,9,1997,2003
753,唐小平,1,汉族,,1969,2,1988,1,1992,2,6,1994,1995
754,唐小平,1,汉族,,1969,2,1988,1,1992,6,7,1995,1996
755,唐小平,1,汉族,,1969,2,1988,1,1992,7,8,1996,1997
756,唐小平,1,汉族,,1969,2,1988,1,1992,8,10,1997,1999
757,唐小平,1,汉族,,1969,2,1988,1,1992,10,11,1999,2013
758,覃昌德,1,汉族,重庆,1976,2,1999,1,1998,4,6,2000,2004
759,覃昌德,1,汉族,重庆,1976,2,1999,1,1998,6,9,2004,2006
760,蒲彬彬,1,汉族,重庆,1966,0,1984,1,1992,4,7,1993,1995
761,蒲彬彬,1,汉族,重庆,1966,0,1984,1,1992,7,9,1995,1997
762,杨树海,1,汉族,,1964,2,1982,1,1985,6,11,1993,1998
763,陈文森,1,土家族,重庆,1965,2,1987,1,1993,5,9,1994,2001
764,杨晓云,1,汉族,重庆,1969,2,1991,1,1991,4,5,1992,1995
765,杨晓云,1,汉族,重庆,1969,2,1991,1,1991,5,7,1995,1997
766,杨晓云,1,汉族,重庆,1969,2,1991,1,1991,7,9,1997,1999
767,杨晓云,1,汉族,重庆,1969,2,1991,1,1991,9,11,1999,2001
768,贾晖,1,汉族,重庆,1975,2,1998,1,1997,4,5,2000,2003
769,贾晖,1,汉族,重庆,1975,2,1998,1,1997,5,9,2003,2008
770,贾晖,1,汉族,重庆,1975,2,1998,1,1997,9,10,2008,2013
771,黄宗华,1,汉族,重庆,1964,2,1984,1,1989,2,7,1984,1995
772,黄宗华,1,汉族,重庆,1964,2,1984,1,1989,7,9,1995,1997
773,黄宗华,1,汉族,重庆,1964,2,1984,1,1989,9,11,1997,2012
774,王赋,1,汉族,山西,1962,2,1986,1,1985,7,11,1988,1999
775,黄宗林,1,汉族,重庆,1964,1,1983,1,1995,3,6,1993,1994
776,黄宗林,1,汉族,重庆,1964,1,1983,1,1995,6,7,1994,1997
777,黄宗林,1,汉族,重庆,1964,1,1983,1,1995,7,9,1997,1997
778,徐万忠,1,汉族,重庆,1967,2,1986,1,1995,8,9,1994,1998
779,徐万忠,1,汉族,重庆,1967,2,1986,1,1995,9,11,1998,2007
780,李维超,1,汉族,四川,1961,1,1985,1,1984,4,11,1985,1990
781,李维超,1,汉族,四川,1961,1,1985,1,1984,11,12,1990,1997
782,秦文敏,1,汉族,重庆,1965,2,1988,1,1987,4,9,1995,2000
783,秦文敏,1,汉族,重庆,1965,2,1988,1,1987,9,11,2000,2008
784,刘强,1,汉族,,1961,2,1984,1,1984,7,9,1984,1995
785,刘强,1,汉族,,1961,2,1984,1,1984,9,11,1995,2000
786,周少政,1,汉族,重庆,1963,2,1982,1,1985,2,7,1987,1996
787,周少政,1,汉族,重庆,1963,2,1982,1,1985,7,9,1996,1997
788,于会文,1,满族,辽宁,1968,3,1993,1,,3,4,1997,1998
789,于会文,1,满族,辽宁,1968,3,1993,1,,4,11,1998,1999
790,种及灵,1,汉族,山东,1966,3,1986,1,1986,9,11,1998,2011
791,段成刚,1,汉族,,1963,2,1983,1,1985,8,10,1985,1988
792,段成刚,1,汉族,,1963,2,1983,1,1985,10,12,1988,1994
793,李成群,1,土家族,重庆,1966,2,1984,1,1989,6,9,1986,2003
794,张兴益,1,汉族,重庆,1964,2,1983,1,1987,6,7,1985,1996
795,张兴益,1,汉族,重庆,1964,2,1983,1,1987,7,9,1996,1997
796,张兴益,1,汉族,重庆,1964,2,1983,1,1987,9,11,1997,2006
797,李步彬,1,汉族,重庆,1963,1,1982,1,1988,7,8,1995,1995
798,李步彬,1,汉族,重庆,1963,1,1982,1,1988,8,10,1995,1997
799,刘小强,1,汉族,重庆,1971,2,1989,1,1992,8,9,1998,2007
800,张鸣,1,汉族,湖南,1962,1,1982,1,1984,2,3,1982,1985
801,张鸣,1,汉族,湖南,1962,1,1982,1,1984,3,7,1985,1992
802,张鸣,1,汉族,湖南,1962,1,1982,1,1984,7,11,1992,1999
803,郑向东,1,汉族,四川,1968,3,1990,1,1988,4,7,1990,1997
804,郑向东,1,汉族,四川,1968,3,1990,1,1988,7,11,1997,2002
805,左永祥,1,汉族,重庆,1968,2,1991,1,1993,10,11,1991,1998
806,江涛,1,汉族,重庆,1962,1,1983,1,1985,6,7,1983,1990
807,江涛,1,汉族,重庆,1962,1,1983,1,1985,7,10,1990,1991
808,段成刚,1,汉族,,1963,2,1983,1,1985,8,10,1985,1988
809,段成刚,1,汉族,,1963,2,1983,1,1985,10,12,1988,1994
810,左军,1,土家族,重庆,1968,2,1983,1,1991,6,9,1997,1998
811,左军,1,土家族,重庆,1968,2,1983,1,1991,9,10,1998,2005
812,曹邦兴,1,汉族,重庆,1973,2,1992,1,1993,8,11,1997,2001
813,钱建超,1,汉族,重庆,1965,2,1984,1,1984,6,8,1989,1994
814,钱建超,1,汉族,重庆,1965,2,1984,1,1984,8,9,1994,1997
815,钱建超,1,汉族,重庆,1965,2,1984,1,1984,9,10,1997,1997
816,钱建超,1,汉族,重庆,1965,2,1984,1,1984,10,11,1997,1998
817,唐川,1,汉族,重庆,1964,2,1985,1,1984,10,11,1985,1997
818,李明清,1,汉族,重庆,1965,2,1983,1,1992,4,9,1993,1996
819,李明清,1,汉族,重庆,1965,2,1983,1,1992,9,11,1996,1997
820,何友生,1,汉族,,1966,2,1988,1,1986,10,11,1997,2002
821,向业顺,1,苗族,重庆,1972,2,1994,1,1993,9,12,1998,2001
822,余长明,1,汉族,四川,1965,3,1984,1,1985,5,7,1984,1995
823,余长明,1,汉族,四川,1965,3,1984,1,1985,7,9,1995,1996
824,余长明,1,汉族,四川,1965,3,1984,1,1985,9,11,1996,1997
825,徐世国,1,汉族,重庆,1963,2,1982,1,1983,5,12,1984,1997
826,唐德祥,1,汉族,重庆,1965,2,1984,1,1986,7,11,1992,2005
827,李春奎,1,汉族,重庆,1969,2,1991,1,1995,7,9,1996,2007
828,冉华章,1,土家族,重庆,1966,2,1983,1,1993,6,7,1991,1993
829,冉华章,1,土家族,重庆,1966,2,1983,1,1993,7,10,1993,1997
830,李静,0,汉族,河南,1962,2,1984,1,1983,8,9,1985,1985
831,李静,0,汉族,河南,1962,2,1984,1,1983,9,11,1985,1998
832,龚均,1,汉族,重庆,,0,,0,,5,9,1989,2003
833,屈谦,1,汉族,四川,1960,2,1983,0,,8,10,1993,2013
834,屈谦,1,汉族,四川,1960,2,1983,0,,10,11,2013,2016
835,姜国杰,1,汉族,山东,1976,3,2003,1,1999,2,7,2004,2008
836,姜国杰,1,汉族,山东,1976,3,2003,1,1999,7,9,2008,2017
837,黄玉林,1,汉族,重庆,1963,2,1981,1,1985,4,11,1988,1993
838,张安疆,1,汉族,甘肃,1971,2,1997,1,,2,3,1997,1998
839,张安疆,1,汉族,甘肃,1971,2,1997,1,,3,7,1998,2004
840,张安疆,1,汉族,甘肃,1971,2,1997,1,,7,11,2004,2012
841,邓恢林,1,汉族,湖北,1965,2,1984,1,1989,2,3,1984,1991
842,邓恢林,1,汉族,湖北,1965,2,1984,1,1989,3,7,1991,1996
843,邓恢林,1,汉族,湖北,1965,2,1984,1,1989,7,10,1996,2003
844,邓恢林,1,汉族,湖北,1965,2,1984,1,1989,10,11,2003,2006
845,邓恢林,1,汉族,湖北,1965,2,1984,1,1989,11,12,2006,2015
846,蹇泽西,1,汉族,重庆,1963,2,,1,,5,7,1994,1996
847,蹇泽西,1,汉族,重庆,1963,2,,1,,7,9,1996,1997
848,蹇泽西,1,汉族,重庆,1963,2,,1,,9,11,1997,2003
849,曾菁华,1,汉族,重庆,1966,2,,1,,6,11,1984,1996
850,高洪波,1,汉族,,1965,1,1982,1,1985,9,11,1992,2003
851,周勇,1,汉族,重庆,1964,2,,0,,4,11,1983,1990
852,石强,1,苗族,重庆,1968,2,,1,,5,7,1995,1997
853,石强,1,苗族,重庆,1968,2,,1,,7,12,1997,2001
854,徐江,1,汉族,重庆,1965,3,1987,1,1993,8,9,1992,1996
855,卢红,0,汉族,四川,1968,2,1989,1,1993,4,9,1989,1995
856,卢红,0,汉族,四川,1968,2,1989,1,1993,9,11,1995,2000
857,段成刚,1,汉族,,1963,2,1983,1,1985,8,10,1985,1988
858,段成刚,1,汉族,,1963,2,1983,1,1985,10,12,1988,1994
859,何庆,1,汉族,四川,1968,2,1989,1,1988,8,9,1995,2001
860,王俊,1,汉族,,,2,,1,,8,9,1994,1996
861,代小红,0,汉族,重庆,1966,2,1990,1,1985,6,9,1997,2000
862,罗成,1,汉族,重庆,1971,2,1992,1,1991,5,10,1994,2003
863,陆克华,1,汉族,安徽,1964,2,1989,1,1984,7,8,1994,2004
864,陆克华,1,汉族,安徽,1964,2,1989,1,1984,8,11,2004,2015
865,穆红玉,0,汉族,山东,1963,2,1984,1,1984,2,6,1986,2000
866,穆红玉,0,汉族,山东,1963,2,1984,1,1984,6,7,2000,2001
867,穆红玉,0,汉族,山东,1963,2,1984,1,1984,7,9,2001,2009
868,穆红玉,0,汉族,山东,1963,2,1984,1,1984,9,12,2009,2015
869,熊雪,1,汉族,重庆,1962,0,,0,,8,9,1982,1984
870,熊雪,1,汉族,重庆,1962,0,,0,,9,10,1984,1985
871,熊雪,1,汉族,重庆,1962,0,,0,,10,11,1985,2004
872,巴川江,1,蒙古族,内蒙古,1963,2,1980,1,1984,4,11,1988,1990
873,张学锋,1,汉族,重庆,1963,1,1984,1,1987,9,10,1991,1998
874,张学锋,1,汉族,重庆,1963,1,1984,1,1987,10,11,1998,2006
875,李云峰,1,汉族,山西,1969,2,1994,1,1992,2,11,1996,2000
876,赵俊民,1,汉族,河南,1968,3,1990,1,1996,2,3,1990,1998
877,赵俊民,1,汉族,河南,1968,3,1990,1,1996,3,7,1998,1999
878,赵俊民,1,汉族,河南,1968,3,1990,1,1996,7,10,1999,2012
879,魏增军,1,汉族,,1960,2,1982,1,1982,2,11,1986,1991
880,魏增军,1,汉族,,1960,2,1982,1,1982,2,11,1986,1991
881,惠进才,1,汉族,陕西,1962,2,1982,1,1985,5,10,1984,1989
882,胡玉亭,1,汉族,,1964,2,1986,1,1986,4,9,1994,2011
883,胡玉亭,1,汉族,,1964,2,1986,1,1986,9,11,2011,2018
884,胡玉亭,1,汉族,,1964,2,1986,1,1986,4,9,1994,2011
885,胡玉亭,1,汉族,,1964,2,1986,1,1986,9,11,2011,2018
886,李正印,1,汉族,山西,1962,2,1982,1,1984,10,11,1988,1992
887,楼阳生,1,汉族,浙江,1959,2,1976,1,1981,7,9,1984,1989
888,楼阳生,1,汉族,浙江,1959,2,1976,1,1981,9,11,1989,1991
889,牛一兵,1,汉族,河北,1966,1,1988,1,1985,10,11,2010,2018
890,郭青,1,汉族,河北,1963,3,1982,1,1984,2,11,1985,1991
891,郭青,1,汉族,河北,1963,3,1982,1,1984,11,12,1991,2018
892,魏建锋,1,,河南,1966,3,1991,1,1996,5,9,1999,2000
893,魏建锋,1,,河南,1966,3,1991,1,1996,9,10,2000,2017
894,胡明朗,1,汉族,湖北,1967,2,1985,1,1996,6,9,1999,2010
895,胡明朗,1,汉族,湖北,1967,2,1985,1,1996,9,11,2010,2018
896,王一新,1,汉族,湖北,1965,1,1987,1,1993,5,10,1992,1993
897,王一新,1,汉族,湖北,1965,1,1987,1,1993,10,11,1993,2004
898,胡和平,1,汉族,山东,1962,3,1986,1,1982,10,11,2002,2008
899,李明远,1,汉族,陕西,1965,3,1991,1,1999,5,9,1997,2001
900,李明远,1,汉族,陕西,1965,3,1991,1,1999,9,11,2001,2004
901,熊燕斌,1,汉族,江西,1968,2,1991,1,1991,2,3,1993,1997
902,熊燕斌,1,汉族,江西,1968,2,1991,1,1991,3,7,1997,2001
903,熊燕斌,1,汉族,江西,1968,2,1991,1,1991,7,11,2001,2008
904,张复明,1,汉族,山西,1963,3,1984,0,,7,11,1998,2008
905,刘国中,1,汉族,黑龙江,1962,2,,0,,7,11,1996,2000
906,郭永红,0,汉族,湖北,1968,2,1990,1,1990,6,8,1992,1995
907,郭永红,0,汉族,湖北,1968,2,1990,1,1990,8,9,1995,1997
908,郭永红,0,汉族,湖北,1968,2,1990,1,1990,9,11,1997,2011
909,方红卫,1,汉族,陕西,1966,3,1989,1,1987,4,7,1990,1996
910,方红卫,1,汉族,陕西,1966,3,1989,1,1987,7,9,1996,2015
911,姜四清,1,汉族,湖北,1965,3,1986,1,1998,2,7,1991,2001
912,姜四清,1,汉族,湖北,1965,3,1986,1,1998,7,10,2001,2009
913,姜四清,1,汉族,湖北,1965,3,1986,1,1998,10,11,2009,2015
914,梁桂,1,汉族,安徽,1964,3,1984,1,1993,9,11,1998,2013
915,王拥军,1,汉族,江苏,1963,1,1983,1,1982,6,9,1997,2000
916,王拥军,1,汉族,江苏,1963,1,1983,1,1982,9,11,2000,2019
917,徐广国,1,汉族,黑龙江,1964,3,1984,1,1984,7,9,1993,2003
918,徐广国,1,汉族,黑龙江,1964,3,1984,1,1984,9,11,2003,2011
919,梁桂,1,汉族,安徽,1964,3,1984,1,1993,9,11,1998,2013
920,王震,1,汉族,山西,1965,2,1988,1,1994,6,9,1997,1998
921,刘新云,1,汉族,山东,1962,2,1981,1,1984,1,6,1981,1985
922,刘新云,1,汉族,山东,1962,2,1981,1,1984,6,7,1985,1995
923,刘新云,1,汉族,山东,1962,2,1981,1,1984,7,9,1995,2008
924,刘新云,1,汉族,山东,1962,2,1981,1,1984,9,10,2008,2014
925,刘新云,1,汉族,山东,1962,2,1981,1,1984,10,11,2014,2018
926,王立伟,1,汉族,山西,1963,1,1984,1,1984,7,9,1984,2004
927,王立伟,1,汉族,山西,1963,1,1984,1,1984,9,10,2004,2008
928,董一兵,1,汉族,山西,1963,2,1985,1,1985,7,9,1998,2004
929,商黎光,1,汉族,,1963,2,1981,1,1984,5,7,1989,1994
930,商黎光,1,汉族,,1963,2,1981,1,1984,7,9,1994,1999
931,商黎光,1,汉族,,1963,2,1981,1,1984,9,11,1999,2016
932,杨勤荣,1,汉族。,,,0,,0,,7,9,1992,1998
933,林武,1,汉族,福建,1962,3,1982,1,1987,10,11,2003,2011
934,薛占海,1,汉族,陕西,1963,3,1987,1,1985,7,9,1996,2006
935,郑连生,1,汉族,山西,1965,1,,0,,1,10,1985,1988
936,郑连生,1,汉族,山西,1965,1,,0,,10,11,1988,1996
937,王建军,1,汉族,陕西,1963,2,1983,1,1984,9,11,1997,1998
938,武宏文,1,汉族,山西,1962,0,1979,1,1990,10,11,1984,1995
939,王成,1,汉族,山西,1969,3,1994,1,1991,7,11,1997,2004
940,贺天才,1,汉族,山西,1963,3,1983,1,1998,7,8,1993,2011
941,贺天才,1,汉族,山西,1963,3,1983,1,1998,8,11,2011,2017
942,曲孝丽,0,汉族,山东,1963,3,1985,1,1990,8,9,1996,2001
943,曲孝丽,0,汉族,山东,1963,3,1985,1,1990,9,11,2001,2018
944,张志川,1,,河南,1964,3,1982,1,1997,5,9,1991,2005
945,张志川,1,,河南,1964,3,1982,1,1997,9,10,2005,2011
946,廉毅敏,1,汉族,山西,1964,3,1989,1,1984,10,11,1996,2016
947,范中杰,1,汉族,四川,1966,0,,0,,8,9,1994,2011
948,张硕辅,1,汉族,湖南,1965,3,1988,1,1984,7,9,1993,1997
949,张硕辅,1,汉族,湖南,1965,3,1988,1,1984,9,11,1997,2013
950,温国辉,1,汉族,广东,1963,2,1984,1,1984,2,7,1990,1996
951,温国辉,1,汉族,广东,1963,2,1984,1,1984,7,11,1996,2001
952,李红军,1,汉族,,1965,3,1987,1,1986,2,7,1993,1999
953,李红军,1,汉族,,1965,3,1987,1,1986,7,9,1999,2003
954,李红军,1,汉族,,1965,3,1987,1,1986,9,11,2003,2007
955,郑人豪,1,汉族,广东,1968,3,1990,1,1988,7,10,1999,2002
956,吕玉印,1,汉族,河南,1970,0,,0,,2,7,1998,2001
957,吕玉印,1,汉族,河南,1970,0,,0,,7,9,2001,2009
958,陈如桂,1,汉族,广东,1962,3,1983,1,1992,5,9,1991,2001
959,鲁毅,1,汉族,湖北,1964,3,1982,1,1986,7,8,1997,2003
960,鲁毅,1,汉族,湖北,1964,3,1982,1,1986,8,9,2003,2014
961,赖泽华,1,汉族,广东,1965,2,1988,1,1990,2,5,1988,1991
962,赖泽华,1,汉族,广东,1965,2,1988,1,1990,5,8,1991,1994
963,赖泽华,1,汉族,广东,1965,2,1988,1,1990,8,9,1994,1996
964,郭锋,1,汉族,广东,1960,2,1976,1,1984,7,9,1995,2003
965,姚奕生,1,汉族,广东,1965,2,1987,1,1986,5,7,1992,2003
966,姚奕生,1,汉族,广东,1965,2,1987,1,1986,7,10,2003,2017
967,林应武,1,汉族,,1963,2,1981,1,1985,2,7,1981,1995
968,林应武,1,汉族,,1963,2,1981,1,1985,7,9,1995,2005
969,马正勇,1,汉族,宁夏,1973,3,1994,1,1994,9,12,1996,1999
970,郑雁雄,1,汉族,广东,1963,2,1984,1,1986,10,11,1992,1993
971,袁古洁,0,汉族,贵州,1968,3,1988,1,1992,10,11,2006,2018
972,梁维东,1,汉族,广东,1962,2,1981,1,1984,1,7,1983,2004
973,梁维东,1,汉族,广东,1962,2,1981,1,1984,7,9,2004,2011
974,张硕辅,1,汉族,湖南,1965,3,1988,1,1984,7,9,1993,1997
975,张硕辅,1,汉族,湖南,1965,3,1988,1,1984,9,11,1997,2013
976,焦兰生,1,,,1962,2,1982,1,1985,5,6,1988,2001
977,焦兰生,1,,,1962,2,1982,1,1985,6,9,2001,2011
978,殷昭举,1,汉族,安徽,1972,3,1993,1,1996,2,7,1995,1998
979,殷昭举,1,汉族,安徽,1972,3,1993,1,1996,7,9,1998,2008
980,温湛滨,1,汉族,广东,1971,3,1993,1,1991,5,9,1993,2002
981,刘毅,1,汉族,,1963,2,1984,1,1984,2,5,1989,1990
982,刘毅,1,汉族,,1963,2,1984,1,1984,5,9,1990,1996
983,刘毅,1,汉族,,1963,2,1984,1,1984,9,11,1996,2012
984,许志晖,1,汉族,广东,1968,3,1990,1,1998,5,7,1995,2007
985,许志晖,1,汉族,广东,1968,3,1990,1,1998,7,9,2007,2013
986,李贻伟,1,汉族,,1965,3,1988,1,1988,9,11,2000,2014
987,姜建军,1,汉族,河南,1964,0,,0,,6,7,1995,2010
988,姜建军,1,汉族,河南,1964,0,,0,,7,9,2010,2017
989,刘奇凡,1,汉族,贵州,1967,2,1988,1,1994,2,3,1990,1994
990,刘奇凡,1,汉族,贵州,1967,2,1988,1,1994,3,7,1994,1999
991,刘奇凡,1,汉族,贵州,1967,2,1988,1,1994,7,9,1999,2005
992,刘奇凡,1,汉族,贵州,1967,2,1988,1,1994,9,10,2005,2006
993,刘奇凡,1,汉族,贵州,1967,2,1988,1,1994,10,11,2006,2016
994,杨伟东,1,汉族,安徽,1964,2,1985,1,1987,8,9,1985,1988
995,杨伟东,1,汉族,安徽,1964,2,1985,1,1987,9,10,1988,2007
996,杨伟东,1,汉族,安徽,1964,2,1985,1,1987,10,11,2007,2010
997,于立新,1,蒙古族,内蒙古,1965,1,1987,1,1992,7,9,1994,2015
998,马学军,1,东乡族,甘肃,1962,2,1984,1,1986,6,10,1986,1989
999,布小林,0,蒙古族,内蒙古,1958,3,1976,1,1985,2,7,1987,1989
1000,姜宏,0,汉族,,1971,0,,0,,5,9,1998,1998
1001,常志刚,1,,,,2,1987,1,1993,7,9,1996,2014
1002,常志刚,1,,,,2,1987,1,1993,9,11,2014,2015
1003,段志强,1,蒙古族,内蒙古,1962,2,1984,1,1987,2,11,1988,1991
1004,石泰峰,1,汉族,山西,1956,2,1974,1,1982,7,11,1985,1996
1005,孟宪东,1,汉族,,1965,0,1988,1,1988,7,9,1998,2008
1006,李秉荣,1,汉族,,1964,3,1988,1,,8,9,2003,2007
1007,张韶春,1,汉族,安徽,1963,3,1983,1,1986,2,9,1983,2007
1008,张韶春,1,汉族,安徽,1963,3,1983,1,1986,9,10,2007,2012
1009,张恩惠,1,汉族,,1967,2,1991,1,1989,7,9,1996,2007
1010,张恩惠,1,汉族,,1967,2,1991,1,1989,7,9,1996,2007
1011,史万钧,1,蒙古族,内蒙古,1963,2,,1,1985,5,9,1983,1986
1012,张晓兵,1,汉族,,1971,0,1993,1,1991,2,7,1996,1999
1013,张晓兵,1,汉族,,1971,0,1993,1,1991,7,11,1999,2001
1014,牛俊雁,1,汉族,,1962,2,1979,1,1991,2,5,1982,1992
1015,牛俊雁,1,汉族,,1962,2,1979,1,1991,5,6,1992,1997
1016,牛俊雁,1,汉族,,1962,2,1979,1,1991,6,7,1997,1998
1017,牛俊雁,1,汉族,,1962,2,1979,1,1991,7,9,1998,2008
1018,郝茂荣,1,蒙古族,内蒙古,1963,3,1988,1,1987,5,7,1992,1996
1019,郝茂荣,1,蒙古族,内蒙古,1963,3,1988,1,1987,7,9,1996,2001
1020,费东斌,1,汉族,辽宁,1970,0,1991,1,1996,6,11,2005,2008
1021,林少春,1,汉族,广东,1962,2,1982,1,1988,8,11,2008,2012
1022,马学军,1,东乡族,甘肃,1962,2,1984,1,1986,6,10,1986,1989
1023,代钦,1,蒙古族,内蒙古,1967,2,1989,1,1990,7,10,1998,2002
1024,张院忠,1,汉族,陕西,1959,1,1983,1,1983,3,9,1987,1992
1025,张院忠,1,汉族,陕西,1959,1,1983,1,1983,9,10,1992,1994
1026,包钢,1,蒙古族,辽宁,1969,2,1991,1,1988,3,7,1994,1998
1027,包钢,1,蒙古族,辽宁,1969,2,1991,1,1988,7,9,1998,2006
1028,白玉刚,1,蒙古族,内蒙古,1965,1,1988,1,1993,2,5,1988,1996
1029,白玉刚,1,蒙古族,内蒙古,1965,1,1988,1,1993,5,7,1996,2000
1030,白玉刚,1,蒙古族,内蒙古,1965,1,1988,1,1993,7,9,2000,2002
1031,白玉刚,1,蒙古族,内蒙古,1965,1,1988,1,1993,9,11,2002,2010
1032,冯玉臻,1,汉族,内蒙古,1963,1,1980,1,1989,6,7,1986,1990
1033,冯玉臻,1,汉族,内蒙古,1963,1,1980,1,1989,7,9,1990,1995
1034,赵江涛,1,蒙古族,内蒙古,1962,2,1984,1,1984,6,8,1984,1991
1035,赵江涛,1,蒙古族,内蒙古,1962,2,1984,1,1984,8,9,1991,2001
1036,王永康,1,汉族,湖北,1963,3,1985,1,1984,4,5,1999,2001
1037,王永康,1,汉族,湖北,1963,3,1985,1,1984,5,9,2001,2004
1038,王永康,1,汉族,湖北,1963,3,1985,1,1984,9,11,2004,2016
1039,张安顺,1,汉族,山东,1965,2,,0,,9,11,1994,2011
1040,曲敏,1,汉族,黑龙江,1963,0,1986,1,1992,4,7,1993,2006
1041,曲敏,1,汉族,黑龙江,1963,0,1986,1,1992,7,9,2006,2016
1042,男,1,汉族,湖北,1968,2,1991,1,1991,7,11,2000,2007
1043,男,1,汉族,湖北,1968,2,1991,1,1991,11,12,2007,2016
1044,毕宝文,1,汉族,山东,1960,1,1980,1,1985,1,2,1980,1984
1045,毕宝文,1,汉族,山东,1960,1,1980,1,1985,2,5,1984,1989
1046,毕宝文,1,汉族,山东,1960,1,1980,1,1985,5,7,1989,1995
1047,毕宝文,1,汉族,山东,1960,1,1980,1,1985,7,9,1995,2004
1048,毕宝文,1,汉族,山东,1960,1,1980,1,1985,9,11,2004,2017
1049,李毅,1,汉族,陕西,1970,2,1992,1,1991,6,7,1992,2003
1050,李毅,1,汉族,陕西,1970,2,1992,1,1991,7,9,2003,2017
1051,李毅,1,汉族,陕西,1970,2,1992,1,1991,9,11,2017,2020
1052,郑大光,1,汉族,河南,1964,2,1989,1,1991,2,3,1989,1991
1053,郑大光,1,汉族,河南,1964,2,1989,1,1991,3,11,1991,1997
1054,赵万山,1,汉族,,1962,2,1980,1,,5,6,1987,1992
1055,赵万山,1,汉族,,1962,2,1980,1,,6,7,1992,1993
1056,赵万山,1,汉族,,1962,2,1980,1,,7,9,1993,2004
1057,程志明,1,汉族,河南,1964,1,1984,1,1987,3,7,1989,1996
1058,程志明,1,汉族,河南,1964,1,1984,1,1987,7,11,1996,2001
1059,李世峰,1,汉族,浙江,1976,0,,0,,2,5,1999,2000
1060,李世峰,1,汉族,浙江,1976,0,,0,,5,7,2000,2002
1061,李世峰,1,汉族,浙江,1976,0,,0,,7,8,2002,2013
1062,李世峰,1,汉族,浙江,1976,0,,0,,8,9,2013,2020
1063,孙珅,1,汉族,黑龙江,1963,3,1984,1,1993,3,5,1991,1996
1064,孙珅,1,汉族,黑龙江,1963,3,1984,1,1993,5,6,1996,2000
1065,孙珅,1,汉族,黑龙江,1963,3,1984,1,1993,6,9,2000,2015
1066,孙珅,1,汉族,黑龙江,1963,3,1984,1,1993,9,12,2015,2018
1067,王文涛,1,汉族,江苏,1964,2,1985,1,1994,7,8,1991,2001
1068,王文涛,1,汉族,江苏,1964,2,1985,1,1994,8,9,2001,2005
1069,王文涛,1,汉族,江苏,1964,2,1985,1,1994,9,11,2005,2011
1070,李玉刚,1,汉族,,1965,2,1985,1,1989,6,8,1988,1994
1071,李玉刚,1,汉族,,1965,2,1985,1,1989,8,9,1994,2002
1072,李海涛,1,汉族,黑龙江,1963,3,1984,1,1989,2,3,1984,1992
1073,李海涛,1,汉族,黑龙江,1963,3,1984,1,1989,3,11,1992,1996
1074,张常荣,1,汉族,黑龙江,,0,,1,,5,11,1988,1996
1075,王兆力,1,汉族,黑龙江,1962,2,1987,1,1984,7,11,1992,1996
1076,张雨浦,1,回族,山东,1962,3,1984,1,1984,6,7,1986,1994
1077,张雨浦,1,回族,山东,1962,3,1984,1,1984,7,11,1994,2000
1078,贾君,1,汉族,辽宁,1963,2,1981,1,1990,9,10,2002,2007
1079,宋宏伟,1,汉族,黑龙江,1963,2,1986,1,1988,8,10,1986,1993
1080,王兆力,1,汉族,黑龙江,1962,2,1987,1,1984,7,11,1992,1996
1081,杨廷双,1,汉族,黑龙江,1965,3,1987,1,1985,3,7,1994,1998
1082,杨廷双,1,汉族,黑龙江,1965,3,1987,1,1985,7,9,1998,2003
1083,李海涛,1,汉族,黑龙江,1963,3,1984,1,1989,2,3,1984,1992
1084,李海涛,1,汉族,黑龙江,1963,3,1984,1,1989,3,11,1992,1996
1085,张庆伟,1,汉族,河北,1961,3,1982,1,1992,4,11,2007,2011
1086,张子林,1,汉族,,1963,2,1987,1,1986,2,7,1987,1989
1087,张子林,1,汉族,,1963,2,1987,1,1986,7,10,1989,2004
1088,张子林,1,汉族,,1963,2,1987,1,1986,10,11,2004,2008
1089,韩库,1,汉族,,1963,2,1984,1,1984,6,7,1985,1986
1090,韩库,1,汉族,,1963,2,1984,1,1984,7,8,1986,1997
1091,韩库,1,汉族,,1963,2,1984,1,1984,8,9,1997,2002
1092,陈安丽,0,汉族,湖北,1963,2,1984,1,1985,10,11,1987,2008
1093,马志勇,1,汉族,吉林,1966,2,1989,1,1988,3,8,1990,1996
1094,马志勇,1,汉族,吉林,1966,2,1989,1,1988,8,9,1996,2000
1095,马志勇,1,汉族,吉林,1966,2,1989,1,1988,9,11,2000,2011
1096,于洪涛,1,汉族,山东,1967,0,1989,1,1989,4,7,1995,1998
1097,于洪涛,1,汉族,山东,1967,0,1989,1,1989,7,8,1998,1998
1098,于洪涛,1,汉族,山东,1967,0,1989,1,1989,8,9,1998,2007
1099,何忠华,1,汉族,,1963,2,1980,1,1985,6,10,1985,1992
1100,何忠华,1,汉族,,1963,2,1980,1,1985,10,11,1992,2011
1101,王永康,1,汉族,湖北,1963,3,1985,1,1984,4,5,1999,2001
1102,王永康,1,汉族,湖北,1963,3,1985,1,1984,5,9,2001,2004
1103,王永康,1,汉族,湖北,1963,3,1985,1,1984,9,11,2004,2016
1104,沈莹,0,汉族,河南,1965,3,1990,1,1987,5,6,1994,1999
1105,沈莹,0,汉族,河南,1965,3,1990,1,1987,6,9,1999,2003
1106,沈莹,0,汉族,河南,1965,3,1990,1,1987,9,11,2003,2018
1107,邵国强,1,汉族,,1965,2,1985,1,1985,8,9,1988,1992
1108,韩立华,1,汉族,黑龙江,1963,3,1989,1,1986,2,3,1989,1991
1109,韩立华,1,汉族,黑龙江,1963,3,1989,1,1986,3,7,1991,1996
1110,韩立华,1,汉族,黑龙江,1963,3,1989,1,1986,7,9,1996,2004
1111,韩立华,1,汉族,黑龙江,1963,3,1989,1,1986,9,11,2004,2009
1112,王秋实,1,汉族,吉林,1965,0,,0,,2,5,1984,1990
1113,王秋实,1,汉族,吉林,1965,0,,0,,5,8,1990,1993
1114,王秋实,1,汉族,吉林,1965,0,,0,,8,9,1993,2002
1115,易鹏飞,1,汉族,湖南,1962,1,1983,1,1987,2,3,1983,1988
1116,易鹏飞,1,汉族,湖南,1962,1,1983,1,1987,3,8,1988,1992
1117,易鹏飞,1,汉族,湖南,1962,1,1983,1,1987,8,11,1992,1998
1118,彭国甫,1,汉族,湖南,1963,3,1984,1,1984,8,9,1996,2008
1119,彭国甫,1,汉族,湖南,1963,3,1984,1,1984,9,11,2008,2018
1120,刘事青,1,汉族,湖南,1964,2,1981,1,1985,7,9,1997,2005
1121,吴桂英,0,汉族,河北,1966,3,1990,1,1987,4,5,1991,1993
1122,吴桂英,0,汉族,河北,1966,3,1990,1,1987,5,11,1993,1994
1123,朱健,1,汉族,江苏,1975,3,1997,1,1994,4,12,1997,2017
1124,黄兰香,0,汉族,湖南,1962,2,,1,,8,11,1991,1999
1125,王少峰,1,汉族,山西,1963,3,,0,,4,7,1989,1990
1126,王少峰,1,汉族,山西,1963,3,,0,,7,12,1990,1997
1127,周德睿,1,汉族,,1966,2,1989,1,1991,3,8,1992,2000
1128,周德睿,1,汉族,,1966,2,1989,1,1991,8,9,2000,2006
1129,曹炯芳,1,汉族,湖南,1964,0,,0,,10,11,1988,1996
1130,隋忠诚,1,汉族,吉林,1967,3,1988,1,1988,5,7,1992,1994
1131,隋忠诚,1,汉族,吉林,1967,3,1988,1,1988,7,11,1994,2000
1132,陈文浩,1,汉族,广东,1961,2,1982,1,1986,4,8,1989,1992
1133,陈文浩,1,汉族,广东,1961,2,1982,1,1986,8,9,1992,2001
1134,陈文浩,1,汉族,广东,1961,2,1982,1,1986,9,11,2001,2018
1135,李殿勋,1,汉族,河南,1967,1,1991,1,1994,10,11,1998,2014
1136,张迎春,0,汉族,湖南,1970,2,1988,1,1994,8,9,1994,1995
1137,曹立军,1,汉族,湖南,1972,2,1994,1,1992,2,7,1996,1998
1138,曹立军,1,汉族,湖南,1972,2,1994,1,1992,7,9,1998,2011
1139,虢正贵,1,汉族,湖南,1964,2,1984,1,1984,4,8,1991,1996
1140,虢正贵,1,汉族,湖南,1964,2,1984,1,1984,8,9,1996,2008
1141,虢正贵,1,汉族,湖南,1964,2,1984,1,1984,9,11,2008,2013
1142,张值恒,1,汉族,湖南,1970,2,1991,1,1991,9,11,1997,2002
1143,阳卫国,1,汉族,湖南,1967,2,1990,1,1993,10,11,1990,1998
1144,郑建新,1,汉族,贵州,1968,3,1990,1,1991,2,3,1991,1995
1145,郑建新,1,汉族,贵州,1968,3,1990,1,1991,3,12,1995,1998
1146,何报翔,1,汉族,湖南,1963,3,1982,0,,7,9,1986,1997
1147,何报翔,1,汉族,湖南,1963,3,1982,0,,9,10,1997,2002
1148,何报翔,1,汉族,湖南,1963,3,1982,0,,10,11,2002,2008
1149,邓群策,1,汉族,湖南,1964,2,1984,1,1986,5,11,1988,1993
1150,乌兰,0,蒙古族,内蒙古,1962,2,,1,,8,9,1978,1986
1151,乌兰,0,蒙古族,内蒙古,1962,2,,1,,9,11,1986,2016
1152,张剑飞,1,汉族,湖南,1962,3,1983,1,1994,9,11,2007,2013
1153,毛腾飞,1,汉族,湖南,1962,3,1983,1,1991,5,6,1991,1992
1154,毛腾飞,1,汉族,湖南,1962,3,1983,1,1991,6,8,1992,1996
1155,毛腾飞,1,汉族,湖南,1962,3,1983,1,1991,8,11,1996,2005
1156,傅奎,1,汉族,湖北,1962,1,,0,,2,8,1986,1993
1157,傅奎,1,汉族,湖北,1962,1,,0,,8,11,1993,1999
1158,傅奎,1,汉族,湖北,1962,1,,0,,11,12,1999,2007
1159,许显辉,1,汉族,河南,1966,1,1987,1,1986,3,7,1992,1996
1160,许显辉,1,汉族,河南,1966,1,1987,1,1986,7,10,1996,2001
1161,许显辉,1,汉族,河南,1966,1,1987,1,1986,10,11,2001,2005
1162,樊金龙,1,汉族,江苏,1963,2,1981,1,1983,9,11,1994,1996
1163,黄钦,1,汉族,江苏,1962,2,1985,1,1986,4,9,1987,1997
1164,赵世勇,1,汉族,四川,1966,3,1990,1,1988,2,7,1990,1996
1165,赵世勇,1,汉族,四川,1966,3,1990,1,1988,7,10,1996,2004
1166,赵世勇,1,汉族,四川,1966,3,1990,1,1988,10,11,2004,2020
1167,徐曙海,1,汉族,江苏,1968,3,1990,1,1993,10,11,1990,1995
1168,张爱军,1,汉族,江苏,1964,2,1984,1,1987,2,5,1984,1987
1169,张爱军,1,汉族,江苏,1964,2,1984,1,1987,5,7,1987,1992
1170,张爱军,1,汉族,江苏,1964,2,1984,1,1987,7,9,1992,2006
1171,杨岳,1,汉族,辽宁,1968,3,1996,1,1986,9,11,1999,2008
1172,张敬华,1,汉族,江苏,1962,1,,0,,2,4,1987,1993
1173,张敬华,1,汉族,江苏,1962,1,,0,,4,7,1993,1994
1174,张敬华,1,汉族,江苏,1962,1,,0,,7,11,1994,2001
1175,齐家滨,1,汉族,山东,1967,3,,0,,6,9,2006,2015
1176,费高云,1,汉族,江苏,1971,2,1993,1,1992,7,9,1995,2000
1177,费高云,1,汉族,江苏,1971,2,1993,1,1992,9,11,2000,2018
1178,男,1,汉族,广东,1964,3,1985,1,1984,6,9,1985,1987
1179,男,1,汉族,广东,1964,3,1985,1,1984,9,11,1987,2017
1180,张敬华,1,汉族,江苏,1962,1,,0,,2,4,1987,1993
1181,张敬华,1,汉族,江苏,1962,1,,0,,4,7,1993,1994
1182,张敬华,1,汉族,江苏,1962,1,,0,,7,11,1994,2001
1183,男,1,汉族,广东,1964,3,1985,1,1984,6,9,1985,1987
1184,男,1,汉族,广东,1964,3,1985,1,1984,9,11,1987,2017
1185,"王常松同志简历
 
男",1,汉族,安徽,1962,2,1986,1,1985,3,7,1987,1990
1186,"王常松同志简历
 
男",1,汉族,安徽,1962,2,1986,1,1985,7,9,1990,2010
1187,"王常松同志简历
 
男",1,汉族,安徽,1962,2,1986,1,1985,9,11,2010,2016
1188,周铁根,1,汉族,江苏,1962,0,1985,1,1984,8,9,1987,1989
1189,李亚平,1,汉族,江苏,1963,3,1985,1,1984,6,9,1985,1991
1190,马欣,1,汉族,天津,1967,3,1990,1,1989,7,8,2000,2005
1191,马欣,1,汉族,天津,1967,3,1990,1,1989,8,11,2005,2020
1192,任振鹤,1,土家族,湖北,1964,0,,0,,4,7,1984,1990
1193,任振鹤,1,土家族,湖北,1964,0,,0,,7,9,1990,1996
1194,任振鹤,1,土家族,湖北,1964,0,,0,,9,11,1996,2015
1195,樊金龙,1,汉族,江苏,1963,2,1981,1,1983,9,11,1994,1996
1196,史立军,1,汉族,黑龙江,1963,3,1984,1,1990,2,9,1984,2013
1197,郭元强,1,汉族,河南,1965,3,1988,1,1986,9,11,2008,2018
1198,刘旸,1,汉族,吉林,1967,2,1994,1,1988,6,7,1998,2002
1199,刘旸,1,汉族,吉林,1967,2,1994,1,1988,7,10,2002,2004
1200,刘旸,1,汉族,吉林,1967,2,1994,1,1988,10,11,2004,2018
1201,韩立明,0,汉族,江苏,1964,2,1984,1,1986,8,9,1989,1994
1202,王立科,1,满族,山东,1964,2,1980,1,1984,2,6,1987,1999
1203,王立科,1,满族,山东,1964,2,1980,1,1984,6,7,1999,2004
1204,王立科,1,满族,山东,1964,2,1980,1,1984,7,9,2004,2007
1205,王立科,1,满族,山东,1964,2,1980,1,1984,9,11,2007,2013
1206,许继伟,1,汉族,安徽,1964,2,1985,1,1985,4,7,1990,1993
1207,许继伟,1,汉族,安徽,1964,2,1985,1,1985,7,9,1993,2003
1208,任泽锋,1,汉族,,1966,1,1990,1,1986,2,7,1996,1997
1209,任泽锋,1,汉族,,1966,1,1990,1,1986,7,9,1997,2003
1210,任泽锋,1,汉族,,1966,1,1990,1,1986,9,10,2003,2007
1211,任泽锋,1,汉族,,1966,1,1990,1,1986,10,11,2007,2008
1212,周喜安,1,汉族,河南,1963,3,1988,1,,2,8,1992,1994
1213,周喜安,1,汉族,河南,1963,3,1988,1,,8,9,1994,2002
1214,周喜安,1,汉族,河南,1963,3,1988,1,,9,11,2002,2018
1215,张祥安,1,汉族,安徽,1964,2,1985,1,1984,6,7,1989,1992
1216,张祥安,1,汉族,安徽,1964,2,1985,1,1984,7,9,1992,2002
1217,孔晓宏,1,汉族,安徽,1966,2,1989,1,1989,2,7,1993,1996
1218,孔晓宏,1,汉族,安徽,1966,2,1989,1,1989,7,8,1996,2000
1219,孔晓宏,1,汉族,安徽,1966,2,1989,1,1989,8,9,2000,2003
1220,孔晓宏,1,汉族,安徽,1966,2,1989,1,1989,9,11,2003,2008
1221,操龙灿,1,汉族,安徽,1965,3,1986,1,1986,7,10,1997,2007
1222,操龙灿,1,汉族,安徽,1965,3,1986,1,1986,10,11,2007,2016
1223,信长星,1,汉族,山东,1963,0,,0,,5,8,1989,1991
1224,信长星,1,汉族,山东,1963,0,,0,,8,9,1991,1998
1225,信长星,1,汉族,山东,1963,0,,0,,9,11,1998,2010
1226,李锦斌,1,汉族,四川,1958,3,1974,1,1978,7,8,1984,1991
1227,李锦斌,1,汉族,四川,1958,3,1974,1,1978,8,9,1991,1992
1228,李锦斌,1,汉族,四川,1958,3,1974,1,1978,9,11,1992,2002
1229,张曙光,1,汉族,安徽,,2,,0,,9,11,1997,2016
1230,孙云飞,1,汉族,,1962,2,1984,1,1986,1,7,1984,1993
1231,孙云飞,1,汉族,,1962,2,1984,1,1986,7,9,1993,2001
1232,孙云飞,1,汉族,,1962,2,1984,1,1986,9,11,2001,2016
1233,邓向阳,1,汉族,山东,1961,1,1982,1,1985,9,11,1987,2013
1234,陶方启,1,汉族,安徽,1962,2,1981,1,1982,7,9,1982,2004
1235,陶方启,1,汉族,安徽,1962,2,1981,1,1982,9,10,2004,2016
1236,贺懋燮,1,汉族,,1963,2,1984,1,1984,7,9,1990,2002
1237,贺懋燮,1,汉族,,1963,2,1984,1,1984,9,11,2002,2010
1238,潘朝晖,1,汉族,安徽,1968,2,1986,1,1986,6,7,1994,1996
1239,潘朝晖,1,汉族,安徽,1968,2,1986,1,1986,7,9,1996,1996
1240,潘朝晖,1,汉族,安徽,1968,2,1986,1,1986,9,11,1996,2002
1241,史翔,1,汉族,安徽,1963,2,1982,1,1989,1,3,1982,1990
1242,史翔,1,汉族,安徽,1963,2,1982,1,1989,3,5,1990,1992
1243,史翔,1,汉族,安徽,1963,2,1982,1,1989,5,6,1992,1996
1244,史翔,1,汉族,安徽,1963,2,1982,1,1989,6,11,1996,2005
1245,虞爱华,1,汉族,安徽,1965,2,1989,1,1988,8,11,1989,1996
1246,杨军,1,汉族,吉林,1965,3,,1,1987,4,7,1995,1997
1247,杨军,1,汉族,吉林,1965,3,,1,1987,7,9,1997,2007
1248,杨光荣,1,汉族,湖南,1962,2,1989,1,1985,7,9,1994,2006
1249,杨光荣,1,汉族,湖南,1962,2,1989,1,1985,9,11,2006,2016
1250,戴启远,1,汉族,安徽,1963,2,1982,1,1989,1,6,1983,1986
1251,戴启远,1,汉族,安徽,1963,2,1982,1,1989,6,7,1986,1995
1252,戴启远,1,汉族,安徽,1963,2,1982,1,1989,7,9,1995,1996
1253,虞爱华,1,汉族,安徽,1965,2,1989,1,1988,8,11,1989,1996
1254,孙云飞,1,汉族,,1962,2,1984,1,1986,1,7,1984,1993
1255,孙云飞,1,汉族,,1962,2,1984,1,1986,7,9,1993,2001
1256,孙云飞,1,汉族,,1962,2,1984,1,1986,9,11,2001,2016
1257,黄晓武,1,汉族,安徽,1965,2,1983,1,1986,2,6,1987,1991
1258,黄晓武,1,汉族,安徽,1965,2,1983,1,1986,6,7,1991,1998
1259,黄晓武,1,汉族,安徽,1965,2,1983,1,1986,7,8,1998,2001
1260,黄晓武,1,汉族,安徽,1965,2,1983,1,1986,8,11,2001,2008
1261,李国英,1,汉族,河南,1963,3,1984,1,1988,7,11,1987,1997
1262,邓向阳,1,汉族,山东,1961,1,1982,1,1985,9,11,1987,2013
1263,杨光荣,1,汉族,湖南,1962,2,1989,1,1985,7,9,1994,2006
1264,杨光荣,1,汉族,湖南,1962,2,1989,1,1985,9,11,2006,2016
1265,胡启生,1,汉族,安徽,1971,3,1993,1,1992,2,9,1993,1996
1266,胡启生,1,汉族,安徽,1971,3,1993,1,1992,9,10,1996,2001
1267,孙正东,1,汉族,安徽,1963,0,1981,0,,7,9,1991,2003
1268,孙正东,1,汉族,安徽,1963,0,1981,0,,9,11,2003,2012
1269,安征宇,1,汉族,河北,1963,2,1981,1,1985,3,5,1994,1996
1270,安征宇,1,汉族,河北,1963,2,1981,1,1985,5,7,1996,2000
1271,安征宇,1,汉族,河北,1963,2,1981,1,1985,7,8,2000,2001
1272,安征宇,1,汉族,河北,1963,2,1981,1,1985,8,9,2001,2004
1273,安征宇,1,汉族,河北,1963,2,1981,1,1985,9,10,2004,2011
1274,雪克来提·扎克尔,1,维吾尔族,,1953,2,1970,1,1985,3,7,1984,1988
1275,雪克来提·扎克尔,1,维吾尔族,,1953,2,1970,1,1985,7,9,1988,2000
1276,雪克来提·扎克尔,1,维吾尔族,,1953,2,1970,1,1985,9,12,2000,2011
1277,库尔玛什·斯尔江,1,哈萨克族,新疆,1959,2,1984,1,1984,3,7,1991,1996
1278,库尔玛什·斯尔江,1,哈萨克族,新疆,1959,2,1984,1,1984,7,11,1996,2008
1279,李邑飞,1,汉族,云南,1964,2,1985,1,1984,10,11,1986,2012
1280,李成辉,1,汉族,甘肃,1968,1,1988,1,1997,5,7,1996,2001
1281,李成辉,1,汉族,甘肃,1968,1,1988,1,1997,7,9,2001,2005
1282,薛斌,1,汉族,陕西,1966,1,1987,1,1998,5,7,1994,1995
1283,薛斌,1,汉族,陕西,1966,1,1987,1,1998,7,9,1995,2016
1284,木合亚提·加尔木哈买提,1,哈萨克族,新疆,1968,2,1986,1,1992,5,7,1993,1999
1285,李鹏新,1,汉族,山西,1960,2,1977,1,1984,10,11,1983,1990
1286,买买提明·卡德,1,维吾尔族,新疆,1965,1,1984,1,1989,7,10,1993,2013
1287,彭家瑞,1,汉族,甘肃,1961,1,1981,1,1983,4,7,1990,1992
1288,吉尔拉•衣沙木丁,1,维吾尔族,新疆,1962,2,1980,1,1986,6,7,1982,1988
1289,吉尔拉•衣沙木丁,1,维吾尔族,新疆,1962,2,1980,1,1986,7,9,1988,1992
1290,艾尔肯·吐尼亚孜,1,维吾尔族,新疆,1961,2,1983,1,1983,7,11,1991,1999
1291,张文胜,1,汉族,河南,1968,2,1990,1,1989,5,10,1994,1995
1292,金之镇,1,回族,江苏,1970,2,1991,1,1991,1,2,1991,1994
1293,金之镇,1,回族,江苏,1970,2,1991,1,1991,2,3,1994,1997
1294,金之镇,1,回族,江苏,1970,2,1991,1,1991,3,7,1997,2001
1295,金之镇,1,回族,江苏,1970,2,1991,1,1991,7,9,2001,2005
1296,王国和,1,汉族,河南,1965,2,1986,1,1986,8,9,1990,2008
1297,沙尔合提·阿汗,1,哈萨克族,新疆,1961,2,1981,1,1987,6,7,1985,1988
1298,沙尔合提·阿汗,1,哈萨克族,新疆,1961,2,1981,1,1987,7,11,1988,1996
1299,徐海荣,1,汉族,,1964,2,1985,1,1984,8,9,1990,1996
1300,徐海荣,1,汉族,,1964,2,1985,1,1984,9,11,1996,2012
1301,艾尔肯·吐尼亚孜,1,维吾尔族,新疆,1961,2,1983,1,1983,7,11,1991,1999
1302,王君正,1,汉族,山东,1963,3,,0,,2,11,1988,1993
1303,巴德玛拉,1,蒙古族,新疆,1961,1,1984,1,1993,6,9,1984,1994
1304,巴德玛拉,1,蒙古族,新疆,1961,1,1984,1,1993,9,11,1994,1996
1305,徐海荣,1,汉族,,1964,2,1985,1,1984,8,9,1990,1996
1306,徐海荣,1,汉族,,1964,2,1985,1,1984,9,11,1996,2012
1307,赵青,1,汉族,山东,1961,1,1983,1,1989,4,5,1993,1994
1308,赵青,1,汉族,山东,1961,1,1983,1,1989,5,9,1994,1998
1309,赵文泉,1,汉族,安徽,1963,1,1986,1,1994,2,7,1986,1991
1310,赵文泉,1,汉族,安徽,1963,1,1986,1,1994,7,10,1991,1995
1311,马坚,1,汉族,山西,1972,1,,0,,3,7,1996,2002
1312,马坚,1,汉族,山西,1972,1,,0,,7,10,2002,2016
1313,贺志亮,1,汉族,,1970,2,1995,1,1996,9,11,2015,2017
1314,王凯,1,汉族,河南,1962,3,,0,,8,9,1983,2002
1315,王凯,1,汉族,河南,1962,3,,0,,9,11,2002,2017
1316,王子联,1,汉族,,1968,0,,1,,4,7,1996,2000
1317,王子联,1,汉族,,1968,0,,1,,7,10,2000,2009
1318,吴靖平,1,汉族,安徽,1963,3,1984,1,1984,9,11,1992,2001
1319,李悦,0,满族,吉林,1962,2,1984,1,,10,11,1990,1994
1320,巴音朝鲁,1,蒙古族,内蒙古,1955,2,,0,,7,11,1991,1998
1321,李景浩,1,朝鲜族,吉林,1960,2,,0,,2,7,1983,1985
1322,李景浩,1,朝鲜族,吉林,1960,2,,0,,7,9,1985,1993
1323,李景浩,1,朝鲜族,吉林,1960,2,,0,,9,11,1993,2017
1324,柴伟,1,汉族,吉林,1964,2,1987,1,1986,6,9,2001,2004
1325,田锦尘,1,汉族,,1963,1,1985,1,1983,7,11,1994,2017
1326,阿东,1,回族,辽宁,1970,3,1997,1,1996,2,6,1998,2000
1327,阿东,1,回族,辽宁,1970,3,1997,1,1996,6,9,2000,2004
1328,阿东,1,回族,辽宁,1970,3,1997,1,1996,9,11,2004,2020
1329,王晓萍,0,汉族,湖北,1964,2,,0,,7,11,1996,2017
1330,王凯,1,汉族,河南,1962,3,,0,,8,9,1983,2002
1331,王凯,1,汉族,河南,1962,3,,0,,9,11,2002,2017
1332,胡斌,1,汉族,江西,1976,0,1998,1,1997,2,7,1998,2002
1333,胡斌,1,汉族,江西,1976,0,1998,1,1997,7,10,2002,2015
1334,吴靖平,1,汉族,安徽,1963,3,1984,1,1984,9,11,1992,2001
1335,胡家福,1,汉族,山东,1967,1,1990,1,1993,2,3,1991,1992
1336,胡家福,1,汉族,山东,1967,1,1990,1,1993,3,7,1992,1994
1337,胡家福,1,汉族,山东,1967,1,1990,1,1993,7,10,1994,2000
1338,胡家福,1,汉族,山东,1967,1,1990,1,1993,10,11,2000,2018
1339,蔡东,1,,,1968,3,,0,,7,11,2000,2019
1340,郭灵计,1,汉族,山西,1968,0,1998,1,,7,10,2000,2004
1341,于强,1,汉族,,1967,0,,1,,7,10,2000,2001
1342,于强,1,汉族,,1967,0,,1,,10,11,2001,2010
1343,侯淅珉,1,汉族,河南,1963,2,1987,1,,7,9,1992,2010
1344,侯淅珉,1,汉族,河南,1963,2,1987,1,,9,10,2010,2017
1345,侯淅珉,1,汉族,河南,1963,2,1987,1,,10,11,2017,2017
1346,金寿浩,1,朝鲜族,吉林,1962,2,1979,1,1984,5,7,1990,1999
1347,金寿浩,1,朝鲜族,吉林,1962,2,1979,1,1984,7,9,1999,2001
1348,袁桐利,1,汉族,天津,1961,2,1980,1,1985,8,10,1983,1986
1349,袁桐利,1,汉族,天津,1961,2,1980,1,1985,10,11,1986,2012
1350,梅世彤,1,汉族,河北,1969,2,1992,1,1990,10,11,1992,1995
1351,郭建英,1,汉族,,1962,2,1983,1,1983,8,9,1993,1994
1352,回建,1,回族,河北,1961,3,1981,1,1982,8,9,1988,1991
1353,回建,1,回族,河北,1961,3,1981,1,1982,9,10,1991,1999
1354,回建,1,回族,河北,1961,3,1981,1,1982,10,11,1999,2014
1355,张古江,1,汉族,天津,1963,2,1982,1,1984,10,11,1992,1997
1356,袁桐利,1,汉族,天津,1961,2,1980,1,1985,8,10,1983,1986
1357,袁桐利,1,汉族,天津,1961,2,1980,1,1985,10,11,1986,2012
1358,邢国辉,1,汉族,,1961,2,1976,1,1984,6,7,1978,1991
1359,邢国辉,1,汉族,,1961,2,1976,1,1984,7,8,1991,2012
1360,邢国辉,1,汉族,,1961,2,1976,1,1984,8,9,2012,2015
1361,邢国辉,1,汉族,,1961,2,1976,1,1984,9,11,2015,2016
1362,焦彦龙,1,汉族,,1960,2,1982,1,1986,9,11,1996,2000
1363,刘爽,1,汉族,辽宁,1969,2,1986,1,1988,2,7,1996,2000
1364,刘爽,1,汉族,辽宁,1969,2,1986,1,1988,7,8,2000,2002
1365,刘爽,1,汉族,辽宁,1969,2,1986,1,1988,8,9,2002,2013
1366,刘爽,1,汉族,辽宁,1969,2,1986,1,1988,9,10,2013,2016
1367,刘爽,1,汉族,辽宁,1969,2,1986,1,1988,10,11,2016,2017
1368,高宏志,1,汉族,河北,1967,2,1986,1,1990,1,10,1986,1992
1369,高宏志,1,汉族,河北,1967,2,1986,1,1990,10,11,1992,1995
1370,周仲明,1,汉族,,1963,2,1984,1,1984,2,7,1988,1992
1371,周仲明,1,汉族,,1963,2,1984,1,1984,7,9,1992,1998
1372,周仲明,1,汉族,,1963,2,1984,1,1984,9,10,1998,2012
1373,周仲明,1,汉族,,1963,2,1984,1,1984,10,12,2012,2018
1374,赵一德,1,汉族,浙江,1965,2,1983,1,1985,6,7,1987,1991
1375,赵一德,1,汉族,浙江,1965,2,1983,1,1985,7,11,1991,1994
1376,高志立,1,汉族,,1962,2,1984,1,1990,3,9,1989,1995
1377,高志立,1,汉族,,1962,2,1984,1,1990,9,11,1995,2016
1378,冯韶慧,1,汉族,河北,1965,2,1985,1,1984,10,11,1987,1996
1379,邢国辉,1,汉族,,1961,2,1976,1,1984,6,7,1978,1991
1380,邢国辉,1,汉族,,1961,2,1976,1,1984,7,8,1991,2012
1381,邢国辉,1,汉族,,1961,2,1976,1,1984,8,9,2012,2015
1382,邢国辉,1,汉族,,1961,2,1976,1,1984,9,11,2015,2016
1383,夏延军,0,汉族,,1963,2,1982,1,1987,10,11,1982,2018
1384,董晓宇,1,汉族,河北,1969,2,1987,1,1992,4,7,1989,1994
1385,董晓宇,1,汉族,河北,1969,2,1987,1,1992,7,9,1994,2006
1386,丁绣峰,1,汉族,河北,1965,2,1981,1,1984,10,11,1987,1995
1387,田军,1,汉族,山西,1970,3,1992,1,1990,3,8,1999,2008
1388,田军,1,汉族,山西,1970,3,1992,1,1990,8,10,2008,2012
1389,钱三雄,1,汉族,浙江,1967,1,1990,1,1988,6,7,1992,2000
1390,钱三雄,1,汉族,浙江,1967,1,1990,1,1988,7,9,2000,2009
1391,王东群,1,汉族,,1963,1,1980,1,1993,7,9,2000,2009
1392,冉万祥,1,汉族,甘肃,1963,1,1985,1,1985,10,11,1985,2012
1393,董仚生,1,汉族,江西,1962,2,1984,1,1984,5,7,1984,1985
1394,董仚生,1,汉族,江西,1962,2,1984,1,1984,7,9,1985,1992
1395,董仚生,1,汉族,江西,1962,2,1984,1,1984,9,11,1992,2013
1396,梁田庚,1,汉族,广东,1960,3,1976,1,1983,2,7,1989,1992
1397,梁田庚,1,汉族,广东,1960,3,1976,1,1983,7,9,1992,1998
1398,梁田庚,1,汉族,广东,1960,3,1976,1,1983,9,11,1998,2014
1399,邓沛然,1,汉族,,1963,3,1980,1,1984,4,9,1988,2007
1400,许勤,1,汉族,江苏,1961,3,1982,1,1982,6,9,1997,2008
1401,许勤,1,汉族,江苏,1961,3,1982,1,1982,9,11,2008,2016
1402,吴晓华,1,汉族,安徽,1965,2,1983,1,1986,3,7,1995,1998
1403,吴晓华,1,汉族,安徽,1965,2,1983,1,1986,7,11,1998,2008
1404,刘凯,1,汉族,安徽,1969,1,1991,1,1994,4,12,1992,1995
1405,张古江,1,汉族,天津,1963,2,1982,1,1984,10,11,1992,1997
1406,王东峰,1,汉族,陕西,1958,2,1981,1,1980,9,11,1987,2013
1407,张涛,1,汉族,,1971,3,1994,1,1992,3,4,1999,1999
1408,张涛,1,汉族,,1971,3,1994,1,1992,4,7,1999,2002
1409,张涛,1,汉族,,1971,3,1994,1,1992,7,9,2002,2005
1410,武卫东,1,汉族,河北,1969,2,1989,1,1991,2,8,1992,1993
1411,武卫东,1,汉族,河北,1969,2,1989,1,1991,8,9,1993,1996
1412,徐文光,1,汉族,浙江,1968,2,1990,1,,7,9,1996,2000
1413,周江勇,1,汉族,浙江,1967,0,,0,,7,9,2001,2012
1414,周江勇,1,汉族,浙江,1967,0,,0,,9,11,2012,2017
1415,刘忻,1,汉族,陕西,1965,3,1987,1,1991,5,7,1993,1995
1416,刘忻,1,汉族,陕西,1965,3,1987,1,1991,7,9,1995,2012
1417,刘忻,1,汉族,陕西,1965,3,1987,1,1991,9,11,2012,2018
1418,何中伟,1,汉族,河北,1970,3,1993,1,,5,11,1993,2000
1419,俞东来,1,汉族,浙江,1963,1,1981,1,1986,6,7,1988,1993
1420,俞东来,1,汉族,浙江,1963,1,1981,1,1986,7,10,1993,2011
1421,刘小涛,1,汉族,广东,1970,2,1992,1,1991,2,9,1992,2000
1422,刘小涛,1,汉族,广东,1970,2,1992,1,1991,9,10,2000,2019
1423,刘小涛,1,汉族,广东,1970,2,1992,1,1991,10,11,2019,2020
1424,高兴夫,1,汉族,浙江,1963,0,,0,,6,11,1991,2016
1425,黄建发,1,汉族,福建,1965,2,1987,1,1987,2,7,1992,1994
1426,黄建发,1,汉族,福建,1965,2,1987,1,1987,7,9,1994,2010
1427,黄建发,1,汉族,福建,1965,2,1987,1,1987,9,11,2010,2015
1428,冯飞,1,汉族,江西,1962,0,,0,,8,11,1995,2000
1429,周江勇,1,汉族,浙江,1967,0,,0,,7,9,2001,2012
1430,周江勇,1,汉族,浙江,1967,0,,0,,9,11,2012,2017
1431,陈奕君,0,汉族,浙江,1967,2,1989,1,1985,7,9,1993,1995
1432,陈奕君,0,汉族,浙江,1967,2,1989,1,1985,9,11,1995,2019
1433,冯飞,1,汉族,江西,1962,0,,0,,8,11,1995,2000
1434,车俊,1,汉族,安徽,1955,0,,0,,10,11,1973,2001
1435,王嘉毅,1,汉族,宁夏,1965,3,1991,1,1985,7,8,1994,2012
1436,王嘉毅,1,汉族,宁夏,1965,3,1991,1,1985,8,11,2012,2017
1437,俞成辉,1,汉族,甘肃,1962,0,1979,1,1994,6,8,1990,2000
1438,俞成辉,1,汉族,甘肃,1962,0,1979,1,1994,8,9,2000,2001
1439,俞成辉,1,汉族,甘肃,1962,0,1979,1,1994,9,12,2001,2018
1440,李沛兴,1,汉族,甘肃,1964,2,1986,1,1992,5,10,1995,2014
1441,李沛兴,1,汉族,甘肃,1964,2,1986,1,1992,10,11,2014,2018
1442,李荣灿,1,汉族,浙江,1966,2,1989,1,1987,3,7,1993,1995
1443,李荣灿,1,汉族,浙江,1966,2,1989,1,1987,7,10,1995,2009
1444,李荣灿,1,汉族,浙江,1966,2,1989,1,1987,10,11,2009,2011
1445,李荣灿,1,汉族,浙江,1966,2,1989,1,1987,3,7,1993,1995
1446,李荣灿,1,汉族,浙江,1966,2,1989,1,1987,7,10,1995,2009
1447,李荣灿,1,汉族,浙江,1966,2,1989,1,1987,10,11,2009,2011
1448,赵凌云,1,藏族,甘肃,1966,2,,1,,8,10,1989,1992
1449,郭鹤立,1,汉族,甘肃,1964,2,1986,1,1991,8,9,1990,2005
1450,崔景瑜,1,汉族,辽宁,1963,2,,1,1987,10,11,1989,1993
1451,陈 青,0,汉族,,1960,2,1976,1,1980,2,11,1985,1995
1452,刘昌林,1,汉族,重庆,1962,2,1985,1,1985,1,2,1985,1988
1453,刘昌林,1,汉族,重庆,1962,2,1985,1,1985,2,8,1988,2001
1454,刘昌林,1,汉族,重庆,1962,2,1985,1,1985,8,11,2001,2003
1455,马廷礼,1,回族,宁夏,1963,2,1983,1,1985,9,11,2006,2017
1456,张旭晨,1,汉族,甘肃,1969,3,,1,,9,11,1998,2007
1457,周 伟,1,汉族,,1966,1,1988,1,1993,8,9,1990,2001
1458,张世珍,1,汉族,甘肃,1963,3,1988,0,,6,10,2000,2002
1459,张世珍,1,汉族,甘肃,1963,3,1988,0,,10,11,2002,2008
1460,贠建民,1,汉族,甘肃,1963,0,1983,1,1988,3,7,1989,1996
1461,贠建民,1,汉族,甘肃,1963,0,1983,1,1988,7,11,1996,2000
1462,宋亮,1,汉族,河北,1963,2,1985,1,1990,7,9,1989,2011
1463,宋亮,1,汉族,河北,1963,2,1985,1,1990,9,11,2011,2017
1464,卢小亨,1,汉族,甘肃,1972,2,1993,1,1993,2,3,1993,1999
1465,卢小亨,1,汉族,甘肃,1972,2,1993,1,1993,3,9,1999,2003
1466,卢小亨,1,汉族,甘肃,1972,2,1993,1,1993,9,11,2003,2018
1467,余建,1,汉族,四川,1967,2,1984,1,1988,1,2,1987,1991
1468,余建,1,汉族,四川,1967,2,1984,1,1988,2,7,1991,1992
1469,余建,1,汉族,四川,1967,2,1984,1,1988,7,9,1992,1994
1470,余建,1,汉族,四川,1967,2,1984,1,1988,9,11,1994,2012
1471,谢又生,1,汉族,甘肃,1966,2,,1,,3,11,1996,2002
1472,何伟,0,汉族,甘肃,1964,1,1981,1,1984,2,11,1992,1994
1473,丁巨胜,1,汉族,甘肃,1967,0,1985,1,1988,10,11,1985,2007
1474,唐仁健,1,汉族,重庆,1962,3,1983,1,1991,4,7,1983,1989
1475,唐仁健,1,汉族,重庆,1962,3,1983,1,1991,7,9,1989,1998
1476,唐仁健,1,汉族,重庆,1962,3,1983,1,1991,9,11,1998,2016
1477,张伟文,1,汉族,,1966,2,1990,1,1994,6,9,2001,2017
1478,郭承录,1,汉族,甘肃,1962,3,1980,1,1986,6,7,1985,1992
1479,郭承录,1,汉族,甘肃,1962,3,1980,1,1986,7,11,1992,1994
1480,王军,1,汉族,甘肃,1962,1,1979,1,1984,7,9,1984,2002
1481,王军,1,汉族,甘肃,1962,1,1979,1,1984,9,12,2002,2013
1482,唐晓明,1,汉族,甘肃,1963,0,1983,1,,10,11,1987,1994
1483,柳鹏,1,汉族,,1971,2,1991,1,1994,6,9,1991,2001
1484,柳鹏,1,汉族,,1971,2,1991,1,1994,9,11,2001,2002
1485,宋亮,1,汉族,河北,1963,2,1985,1,1990,7,9,1989,2011
1486,宋亮,1,汉族,河北,1963,2,1985,1,1990,9,11,2011,2017
1487,杨维俊,1,汉族,甘肃,1962,2,1982,1,,6,7,1988,1990
1488,杨维俊,1,汉族,甘肃,1962,2,1982,1,,7,9,1990,2008
1489,吴仰东,1,汉族,甘肃,1963,1,1983,1,1987,2,7,1983,1992
1490,吴仰东,1,汉族,甘肃,1963,1,1983,1,1987,7,9,1992,2001
1491,王立奇,1,汉族,辽宁,1977,2,2003,1,1995,6,7,2003,2005
1492,王立奇,1,汉族,辽宁,1977,2,2003,1,1995,7,9,2005,2015
1493,孙伟,1,汉族,山东,1961,1,1977,1,1988,5,7,1992,1999
1494,孙伟,1,汉族,山东,1961,1,1977,1,1988,7,11,1999,2011
